iteration,avg_f1,avg_auc,avg_recall,avg_precision,Infiltration_f1,Infiltration_auc,Infiltration_precision,Infiltration_recall,Effusion_f1,Effusion_auc,Effusion_precision,Effusion_recall,Atelectasis_f1,Atelectasis_auc,Atelectasis_precision,Atelectasis_recall,Nodule_f1,Nodule_auc,Nodule_precision,Nodule_recall,Mass_f1,Mass_auc,Mass_precision,Mass_recall,Pneumonia_f1,Pneumonia_auc,Pneumonia_precision,Pneumonia_recall
1,0.13442588917680814,0.817167311984714,0.09579497270982826,0.35828989745827255,0.0196463654223968,0.7007806740275148,0.449438202247191,0.0100426813959327,0.4232013940751805,0.8748149255294577,0.6137184115523465,0.3229483282674772,0.0981996726677577,0.8025926671800611,0.6122448979591837,0.0533807829181494,0.1079187105816398,0.750956578828865,0.4842767295597484,0.0607255520504731,0.2862770847012475,0.8602587998946066,0.55470737913486,0.1929203539823009,0.0,0.7474959568737124,0.0,0.0
2,0.13954234268218849,0.8173619392900567,0.10307044197021956,0.358712628573549,0.0,0.6930453355778925,0.0,0.0,0.0,0.8723244347597998,0.0,0.0,0.0,0.797040767668009,0.0,0.0,0.0,0.7395428685689542,0.0,0.0,0.0017667844522968,0.8456580273973058,0.5,0.0008849557522123,0.0167597765363128,0.7181224105913487,0.0588235294117647,0.009771986970684
3,0.140139847973412,0.8178671008305886,0.10177632635459978,0.3610181179524798,0.0,0.6761438584021678,0.0,0.0,0.0,0.8630874410741007,0.0,0.0,0.0,0.792621725964537,0.0,0.0,0.003147128245476,0.7441593185189427,0.6666666666666666,0.001577287066246,0.0840197693574958,0.8321595222718436,0.6071428571428571,0.0451327433628318,0.0,0.6544721667519157,0.0,0.0
4,0.13792099487831597,0.817563577705786,0.09941805348244696,0.3618423226508295,0.0390361445783132,0.7008538797889512,0.4850299401197604,0.0203364298267637,0.4194681384846964,0.8749629889452125,0.6174298375184638,0.3176291793313069,0.0975010241704219,0.8021341575805511,0.616580310880829,0.0529359430604982,0.1139680333564975,0.7514610184341884,0.47953216374269,0.0646687697160883,0.2948051948051948,0.859778108586822,0.5536585365853659,0.2008849557522123,0.0,0.7490828682934214,0.0,0.0
5,0.13981749246278138,0.8169745323071752,0.10358435805683286,0.38451105687813175,0.0287384315635655,0.7009767516500193,0.4796747967479675,0.0148129550590007,0.4218985434455047,0.8750259154169934,0.6222222222222222,0.3191489361702128,0.0960985626283367,0.8021421389459589,0.6256684491978609,0.0520462633451957,0.1132075471698113,0.7507771061360016,0.4969325153374233,0.0638801261829653,0.2817460317460317,0.8600304336008898,0.5575916230366492,0.1884955752212389,0.0,0.7486391222045506,0.0,0.0
7,0.0005201357576374215,0.714746094993129,0.0715702947845805,0.003525589686463236,0.0,0.6663837414428598,0.0,0.0,0.0,0.770269580230138,0.0,0.0,0.0,0.7116880019000059,0.0,0.0,0.0,0.6461593626555443,0.0,0.0,0.0,0.6649283399453583,0.0,0.0,0.0,0.6515378165777825,0.0,0.0
8,0.00024802691410000715,0.7533008210506951,0.07142857142857142,0.00012422914224555,0.0,0.6775250061936268,0.0,0.0,0.0,0.8256677769471192,0.0,0.0,0.0,0.7351935419377098,0.0,0.0,0.0,0.6362281986063569,0.0,0.0,0.0,0.7332685845279446,0.0,0.0,0.0,0.7101413139096358,0.0,0.0
9,0.025895425167581386,0.775373888412686,0.08559046633671794,0.23146302692622603,0.0,0.6952384723628101,0.0,0.0,0.0,0.8636085521183223,0.0,0.0,0.0,0.7906162866419635,0.0,0.0,0.0,0.7210815979895182,0.0,0.0,0.0035304501323918,0.8051295350138099,0.6666666666666666,0.0017699115044247,0.0,0.6349260572916996,0.0,0.0
10,0.005887124658460907,0.7883191121539401,0.07440476190476189,0.05369565771367412,0.0,0.6929432259980576,0.0,0.0,0.0,0.8667031024631856,0.0,0.0,0.0,0.7663801099258906,0.0,0.0,0.0,0.6973775589536761,0.0,0.0,0.0,0.8229420851442635,0.0,0.0,0.0,0.7199066734080333,0.0,0.0
11,0.00024802691410000715,0.7604785925860088,0.07142857142857142,0.00012422914224555,0.0,0.6824752309728908,0.0,0.0,0.0,0.8458769454607554,0.0,0.0,0.0,0.759545294116402,0.0,0.0,0.0,0.6749491198923065,0.0,0.0,0.0,0.7823311814121889,0.0,0.0,0.0,0.7008676392163147,0.0,0.0
12,0.0028660317373975287,0.8008795663804592,0.07276729275781109,0.12512422914224555,0.0,0.7031497388111829,0.0,0.0,0.0,0.8693888131092234,0.0,0.0,0.0,0.7997398030781083,0.0,0.0,0.0,0.7433058866297709,0.0,0.0,0.0017683465959328,0.8536908065839313,1.0,0.0008849557522123,0.0,0.7400245864494113,0.0,0.0
13,0.01707603831155363,0.7721689608023535,0.08048437097896641,0.15893681985342117,0.0,0.6997434857593827,0.0,0.0,0.0,0.8626419550559865,0.0,0.0,0.0,0.7836668544565827,0.0,0.0,0.0,0.7229182994227052,0.0,0.0,0.0,0.8114768504319221,0.0,0.0,0.0,0.6406074947285822,0.0,0.0
14,0.03320067631518842,0.7771538557257542,0.09294066772089403,0.2085934008849619,0.0,0.6843543603778998,0.0,0.0,0.0,0.8497840401113833,0.0,0.0,0.0,0.7761070352252492,0.0,0.0,0.0,0.7070635672931082,0.0,0.0,0.0088028169014084,0.79547951103431,0.8333333333333334,0.0044247787610619,0.0,0.6579032091546305,0.0,0.0
15,0.017975859857327168,0.7844173281715439,0.0811748450677294,0.14880149444174243,0.0,0.685265327590745,0.0,0.0,0.0,0.8620007116565471,0.0,0.0,0.0,0.7786161824873498,0.0,0.0,0.0,0.7094646506081009,0.0,0.0,0.0,0.800884581721886,0.0,0.0,0.0,0.6723377701560209,0.0,0.0
16,0.05258007321136164,0.7550028571223031,0.1032531303149079,0.3022812506924649,0.0,0.687114593347305,0.0,0.0,0.0,0.8533119538181893,0.0,0.0,0.0,0.7685486380880282,0.0,0.0,0.0015760441292356,0.7055380028068493,1.0,0.000788643533123,0.0704697986577181,0.8047407512690018,0.6774193548387096,0.0371681415929203,0.0061349693251533,0.6252072373764694,0.0526315789473684,0.003257328990228
17,0.005193482175132087,0.7705684025793665,0.07398523978506044,0.15813292039984875,0.0,0.6658200693329492,0.0,0.0,0.0,0.8388962727564236,0.0,0.0,0.0,0.7646143210212762,0.0,0.0,0.0,0.6885494930851663,0.0,0.0,0.0,0.7689153162093938,0.0,0.0,0.0,0.6614844742625059,0.0,0.0
18,0.00534641437672195,0.7801880603983522,0.07404668289334082,0.09893375295176936,0.0,0.6787219483030633,0.0,0.0,0.0,0.8475512445696644,0.0,0.0,0.0,0.7632322219274654,0.0,0.0,0.0,0.6946927749576081,0.0,0.0,0.0,0.7696547326057197,0.0,0.0,0.0,0.7173153317440164,0.0,0.0
19,0.029733477434674003,0.7517015097091588,0.08875940521469661,0.2198697091854682,0.0,0.6752345589791264,0.0,0.0,0.0,0.8332766873508808,0.0,0.0,0.0,0.7638426420453744,0.0,0.0,0.0031496062992125,0.6810460285110518,1.0,0.001577287066246,0.0,0.7686018787958883,0.0,0.0,0.0,0.6458641111919008,0.0,0.0
20,0.024613428296597722,0.7665263928104711,0.0852923511195611,0.17094530356743895,0.0,0.6747604029342046,0.0,0.0,0.0,0.840557239823035,0.0,0.0,0.0,0.7661418264821175,0.0,0.0,0.0,0.6874473082040996,0.0,0.0,0.0,0.7702138663847309,0.0,0.0,0.0,0.6495383818275299,0.0,0.0
21,0.019186752040695313,0.7595744705076893,0.08216963017230956,0.16470459976172255,0.0,0.6739924572061814,0.0,0.0,0.0015186028853454,0.8421815509720546,1.0,0.0007598784194528,0.0,0.7632003736337314,0.0,0.0,0.0,0.6893441383014447,0.0,0.0,0.0,0.773234618418417,0.0,0.0,0.0,0.6146926789553748,0.0,0.0
23,0.028291226750895213,0.7551423196219526,0.0875858297959373,0.1530774861813866,0.0,0.6675393768236005,0.0,0.0,0.0,0.8384668542968452,0.0,0.0,0.0,0.7678284411238044,0.0,0.0,0.0,0.680825923304901,0.0,0.0,0.0,0.7718228409515,0.0,0.0,0.0,0.6286313577525741,0.0,0.0
24,0.032692159220137955,0.7560684223419937,0.09118703836176985,0.24628151252574665,0.0,0.6677178439472362,0.0,0.0,0.0007595898214963,0.8345306671910667,1.0,0.0003799392097264,0.0,0.7566371888237602,0.0,0.0,0.0,0.6858406091626392,0.0,0.0,0.0,0.7763690341123969,0.0,0.0,0.0125786163522012,0.6178972090830539,0.1818181818181818,0.006514657980456
25,0.026919427605313323,0.7531404977700096,0.08680112009128739,0.1981465313724686,0.0,0.6739917220172066,0.0,0.0,0.0,0.8429908414532415,0.0,0.0,0.0,0.7556019594296173,0.0,0.0,0.0,0.6862191998093776,0.0,0.0,0.0052910052910052,0.7708971158937121,0.75,0.0026548672566371,0.0,0.5838766265105666,0.0,0.0
26,0.03418995300208098,0.7569524464925205,0.09157392558699384,0.2458307836893368,0.0,0.6762840616625866,0.0,0.0,0.0,0.8417095352455813,0.0,0.0,0.0,0.7534055405844934,0.0,0.0,0.0,0.6950941049007732,0.0,0.0,0.0017683465959328,0.7739865648306764,1.0,0.0008849557522123,0.0,0.6286528602182146,0.0,0.0
27,0.02544509642255063,0.7564423267682331,0.0858276034967711,0.16189987957335816,0.0,0.6758983597430231,0.0,0.0,0.0,0.8436874670586255,0.0,0.0,0.0,0.7589900269972992,0.0,0.0,0.0,0.6810628034018584,0.0,0.0,0.0,0.7720564852287113,0.0,0.0,0.0,0.6108620736123656,0.0,0.0
28,0.03265505939632548,0.756249403530075,0.09133051890684914,0.22164317971903194,0.0,0.6756305943881692,0.0,0.0,0.0007595898214963,0.8444269490850743,1.0,0.0003799392097264,0.0,0.7608448786797181,0.0,0.0,0.0,0.6847168033111994,0.0,0.0,0.0,0.7687323738208693,0.0,0.0,0.0,0.6121723985219852,0.0,0.0
30,0.005498311223207415,0.720693472371771,0.0742684168568598,0.07865129214135823,0.0005018820577164,0.665840443597779,0.5,0.0002510670348983,0.0,0.8021798762602188,0.0,0.0,0.0,0.7355287592848414,0.0,0.0,0.0,0.6070676976440001,0.0,0.0,0.0,0.6783633845921117,0.0,0.0,0.0,0.679509210640068,0.0,0.0
31,0.16720179546582542,0.7054847295593297,0.5211617109136041,0.11587434937894049,0.3706713454612614,0.6562300056678986,0.2931638913234005,0.5038915390409239,0.3764974329720479,0.7750898477908853,0.2690363606717756,0.6268996960486323,0.2780109783661608,0.7056918578255128,0.2181956411556006,0.3830071174377224,0.1061977415740022,0.5831653607600561,0.0561685055165496,0.9716088328075708,0.1377772823542526,0.636368880344374,0.078816477490116,0.5469026548672566,0.0479498705898379,0.6750878029620089,0.0250213249928916,0.5732899022801303
32,0.2385450327012448,0.7784941413219909,0.4579995667439512,0.1876912766033471,0.3954478325080358,0.6902101609841937,0.3023379383634431,0.5714285714285714,0.4710056275997064,0.8570164762926533,0.3473475279682425,0.7313829787234043,0.3416225030574806,0.7705706685085836,0.245940129133242,0.5591637010676157,0.2080413131685725,0.6755209013648349,0.1954261954261954,0.222397476340694,0.2843340234644582,0.8025389801938474,0.1921044451352191,0.5469026548672566,0.0671923208776139,0.7054006093445297,0.0375478927203065,0.3192182410423452
33,0.14922529383852898,0.6921451065821234,0.4743259471354735,0.1052566964123428,0.3584675451439726,0.6646449106005441,0.3486826489437455,0.3688174742656289,0.3583828232069438,0.7518594791607797,0.2562050947093403,0.5961246200607903,0.2307599662772491,0.6973810185668607,0.1334447694664995,0.8523131672597865,0.1174277726001863,0.5853243078456388,0.0628394103956555,0.8943217665615142,0.1229293809938971,0.5903419967068708,0.0735396383866481,0.3743362831858407,0.0509259259259259,0.6608351292555921,0.0270658191511174,0.4299674267100977
34,0.23911848983095577,0.7895707811021077,0.43193000519870406,0.18241507711211247,0.3959410300593529,0.6923711400587685,0.3199752436948785,0.5192066281697213,0.4470538001707942,0.8533517291841227,0.3108669833729216,0.7955927051671733,0.3313311373764774,0.7734675183121625,0.2935118434603501,0.3803380782918149,0.2630155510480054,0.7272955394297909,0.2301775147928994,0.306782334384858,0.2641652454045859,0.8064069732551692,0.1680733060043404,0.6168141592920354,0.0567619047619047,0.6967666330040166,0.0301436374671252,0.4853420195439739
35,0.18752574375158435,0.7498377878087341,0.3728024944908718,0.13745933712259054,0.3739779084779802,0.6809366710531581,0.2617732704086756,0.6545317599799146,0.4148787061994609,0.8211123457514381,0.2896281800391389,0.7310030395136778,0.3137136835766972,0.7455647640620193,0.2370875995449374,0.4635231316725978,0.1518105849582172,0.6456800108313606,0.1359102244389027,0.1719242902208202,0.1950277576635288,0.6981819217013228,0.1340856289412545,0.3575221238938053,0.0559210526315789,0.6960214105646916,0.0374037403740374,0.1107491856677524
36,0.18456281269980807,0.7509795003713968,0.44426288910307316,0.13292914602010883,0.3842829866345091,0.6752669345232394,0.3203753351206434,0.4800401707255837,0.4374322860238353,0.8212461748844517,0.3398569023569023,0.6136018237082067,0.3196110210696921,0.749864625459656,0.2514023457419684,0.4386120996441281,0.1586445899114362,0.6395929807594238,0.1049414161996943,0.3249211356466877,0.2056111438100843,0.7193994776874287,0.1320897403579531,0.463716814159292,0.053449951409135,0.6769026994283733,0.0314106225014277,0.1791530944625407
37,0.2274391335835746,0.7852170340360123,0.45260697776569875,0.1701631807868205,0.3486768243785084,0.6777110430407808,0.2215052302676266,0.8187296008034145,0.4547840610832737,0.8478376675172554,0.3314782608695652,0.7241641337386018,0.3316278188364601,0.7665597457674951,0.2888742159128425,0.3892348754448398,0.2291981845688351,0.7245635247967182,0.220203488372093,0.2389589905362776,0.2780403953588311,0.805160849663913,0.1835981838819523,0.5725663716814159,0.0523266679125397,0.6879029042909054,0.0277557494052339,0.4560260586319218
38,0.2531763713298209,0.7993071042717644,0.39933913803338983,0.20664384922239457,0.3836048344718865,0.6912397182630594,0.2736131934032983,0.6414762741652021,0.4608454608454608,0.8590970523535959,0.3310653833388649,0.7579787234042553,0.3569699066067104,0.7865116049053029,0.2920203735144312,0.4590747330960854,0.261963190184049,0.7294758092654655,0.2143574297188755,0.3367507886435331,0.3430308293530178,0.8244603781363481,0.3367433930093776,0.3495575221238938,0.067079463364293,0.7185970112456423,0.0398528510116492,0.2117263843648208
39,0.22406532760392647,0.7825376174364884,0.40517662703702534,0.17214118562831787,0.3931088488645262,0.6886642151381863,0.3007989347536617,0.5671604318353001,0.4706321088942756,0.8516544037473002,0.4621017942145734,0.479483282674772,0.3351574851027605,0.77345433362566,0.2306276150627615,0.6129893238434164,0.2479595802565099,0.7177756211481122,0.2444444444444444,0.251577287066246,0.2683961087553005,0.7861693143857883,0.1868704411253907,0.4761061946902655,0.0661608497723824,0.7109331495707092,0.036479250334672,0.3550488599348534
40,0.18779690311532085,0.739850963045838,0.4524350122838835,0.13514021112981242,0.3627229986475172,0.6734733116803843,0.2439362439362439,0.707004770273663,0.423780487804878,0.7930158776657175,0.3335514834205934,0.5809270516717325,0.2989482200647249,0.7326974911702288,0.1934554973821989,0.6574733096085409,0.1573725624358535,0.6521771124284496,0.0919877349686708,0.5441640378548895,0.2050084889643463,0.7141947625780165,0.1348408710217755,0.427433628318584,0.0442812398747164,0.6708573401243814,0.022899910634495,0.6677524429967426
41,0.14412213701647109,0.7095863599435497,0.4949028091359211,0.09977903817908386,0.3604002749980903,0.6545099970247991,0.2590030742204655,0.5922671353251318,0.3168523676880223,0.7769347183351231,0.1939802182810368,0.8643617021276596,0.2334630350194552,0.7101061151193342,0.2800248911014312,0.2001779359430605,0.1259034403006649,0.5891233173666195,0.0693029917250159,0.6869085173501577,0.1261988894497728,0.6351620091579248,0.0697285236147266,0.6637168141592921,0.0508759299256059,0.6539536775033693,0.027461139896373,0.3452768729641693
42,0.14392687781711036,0.7000829112898496,0.4447658710348013,0.09520512673725583,0.3321008403361344,0.663711098071037,0.2053200332502078,0.8681898066783831,0.3454106280193236,0.7596178159392638,0.2865731462925852,0.4346504559270516,0.2538707008627822,0.6839583021722013,0.1728633510381458,0.4777580071174377,0.1284370477568741,0.5840728450751604,0.0833333333333333,0.279968454258675,0.1231198968629136,0.6080206024215554,0.07006603081438,0.5070796460176992,0.0426770126091173,0.6654239174281754,0.025071225071225,0.1433224755700325
43,0.1515471085787436,0.7123579194475658,0.5202018728467414,0.10103524239318551,0.3706300711209055,0.6705146321462223,0.3083333333333333,0.464474014561888,0.3615898698557861,0.769545791428424,0.2614888926572833,0.5858662613981763,0.2444034764287595,0.7083226437421861,0.1434312210200927,0.8256227758007118,0.1327447580009459,0.5974797105831817,0.0829556650246305,0.3320189274447949,0.103638368246968,0.6463750227535114,0.0547868835842075,0.9566371681415928,0.039718129404228,0.6651488773282863,0.0204331450094161,0.7068403908794788
44,0.18885301310647631,0.7519208117743172,0.41411123017869045,0.13617314187344537,0.3460839777858515,0.6782761038409773,0.2181366134519759,0.8370574943509917,0.4128093158660844,0.8105235367272522,0.3345917885795186,0.5387537993920972,0.3054218800128328,0.7478764937941137,0.2010418133183162,0.6352313167259787,0.1461318051575931,0.6341597427372924,0.0839604891815616,0.5630914826498423,0.2124369747899159,0.7303936212036961,0.1712737127371273,0.279646017699115,0.0571631457482691,0.7025964521815357,0.0302290649643259,0.5244299674267101
45,0.15709053226127503,0.707067732603028,0.3982127093886521,0.11092996895604704,0.366724361748161,0.6618209612533218,0.3221820946588101,0.4255586241526488,0.3682144307567348,0.7640443419311601,0.2860147213459516,0.5167173252279635,0.2591613146958821,0.7133488204159271,0.1560935651224174,0.7629003558718861,0.1215778628201354,0.5807300566678177,0.0747376040535649,0.3257097791798107,0.1322934719815136,0.6170071589404469,0.0981989708404802,0.2026548672566371,0.0477257745550428,0.6727762142670626,0.0248694696345149,0.5895765472312704
46,0.20632903235368355,0.7682407685758575,0.4401469424733568,0.15045374928351335,0.3872230625500489,0.6870347028120419,0.2998897464167585,0.5463218679387396,0.4616368286445013,0.8438770623296878,0.3479182729375482,0.685790273556231,0.3032854397364327,0.760026116262301,0.1909206129738449,0.7370996441281139,0.1782661782661782,0.6642458262580573,0.1291121330031835,0.2878548895899053,0.1993437243642329,0.7453394990154693,0.1857798165137614,0.2150442477876106,0.0615202602780242,0.6936053287233618,0.0338321405335068,0.3387622149837133
47,0.22681944294279255,0.7848429136293965,0.4965229175257414,0.17700802970444954,0.3778705636743215,0.689215389035525,0.3933713664765009,0.3635450665327642,0.4497134953566489,0.8409348274486269,0.4685055578427336,0.432370820668693,0.3451094120748748,0.7721347405288974,0.2452229299363057,0.5822953736654805,0.2198898830006882,0.7179603126958934,0.140625,0.5039432176656151,0.2931906036277134,0.7957645013635483,0.2207792207792207,0.4362831858407079,0.05207798871216,0.7148924015146573,0.0271064227533716,0.6612377850162866
48,0.26663037708713777,0.7829063672165875,0.3731648209102719,0.22121629736891996,0.3779047619047619,0.6827827577981326,0.2712754320717567,0.6226462465478283,0.4952380952380952,0.852102759657889,0.4203551550490326,0.6025835866261399,0.3391608391608391,0.7704223628334006,0.2638476755687438,0.474644128113879,0.2278738555442523,0.6968498208888992,0.1998810232004759,0.2649842271293375,0.3339422725611984,0.8122436957188489,0.2843808338518979,0.4044247787610619,0.0664451827242525,0.6973432230929413,0.0445930880713489,0.1302931596091205
49,0.274612494353461,0.7763271950346751,0.3701119822798452,0.2291547247761146,0.3660931730693691,0.6605282812018319,0.2664075005716899,0.5849861913130806,0.4604505837855616,0.8303860625428469,0.4059147579008408,0.5319148936170213,0.3379599741768883,0.761172919412374,0.2651975683890577,0.4657473309608541,0.217479218153224,0.699627630973874,0.1520578071002199,0.3817034700315457,0.3226233852268963,0.8027954818798931,0.2578083642138697,0.4309734513274336,0.0554298642533936,0.6501824248566147,0.0335386721423682,0.1596091205211726
50,0.27175806936764774,0.8002247652961415,0.5232507375063629,0.20165658226604627,0.3611508322370302,0.696974246725036,0.2338518518518518,0.7926186291739895,0.5080016413623307,0.8718557880375356,0.3968796751442616,0.7055471124620061,0.3515877771120431,0.7885807297913592,0.2406101361325242,0.6525800711743772,0.2966202783300198,0.744299649799924,0.2991178829190056,0.2941640378548896,0.3837772397094431,0.8544479270823724,0.2916283348666053,0.5610619469026549,0.0964467005076142,0.7474100942883117,0.0651428571428571,0.1856677524429967
51,0.2539877918812934,0.7741984731734044,0.4207785175302291,0.2151849940547241,0.372760736196319,0.6957568690850218,0.2466509702037833,0.7627416520210897,0.502095099289488,0.8639247106073377,0.4823241162058103,0.5235562310030395,0.3530364372469635,0.7845038064498604,0.3239227340267459,0.3879003558718861,0.2449689440993789,0.7245921166661597,0.1788175553137468,0.388801261829653,0.361145703611457,0.821791131491608,0.3401094605160281,0.3849557522123893,0.0478632478632478,0.666204118193457,0.0503597122302158,0.0456026058631921
52,0.254783581845886,0.7695694991345066,0.46221060286978943,0.21063485545237515,0.3861378743744865,0.6972255588229259,0.2748245800552839,0.6490082852121516,0.49401936586292,0.8606526396560706,0.4937381404174573,0.4943009118541033,0.3298846000795861,0.7841432008644216,0.2124551512045105,0.7375444839857651,0.2411947027331642,0.7169643687899353,0.1876370013152126,0.3375394321766561,0.3338775510204081,0.801151867949009,0.3098484848484849,0.3619469026548672,0.0518238993710691,0.6461173542718257,0.0280806979280261,0.3355048859934853
53,0.2621193253182808,0.770136458326863,0.43098464469569386,0.2170064544804067,0.3946684550255679,0.696107213860741,0.29624968537629,0.5910118001506403,0.5066944879151452,0.8667303040527259,0.4671369028534787,0.5535714285714286,0.3504672897196261,0.7820679135705436,0.2474340175953079,0.6005338078291815,0.2594957983193277,0.7184809866677642,0.2261277094317516,0.3044164037854889,0.3543046357615894,0.8176695250895386,0.3328149300155521,0.3787610619469027,0.036979969183359,0.6156750912639753,0.0350877192982456,0.0390879478827361
54,0.25732711207367615,0.7675759851071525,0.43828263046648136,0.21270444305311087,0.3531342977326356,0.6944336582691613,0.2219070337180065,0.86417273412001,0.4837630387718953,0.8606730744422847,0.5018374846876276,0.4669452887537993,0.3487898089171974,0.7834680479044197,0.244377008211353,0.6089857651245552,0.2513536620119692,0.7255237754627932,0.1967871485943775,0.3477917981072555,0.3667392883079157,0.8058122442567645,0.3109605911330049,0.4469026548672566,0.0481099656357388,0.6520092507730946,0.0371024734982332,0.0684039087947882
55,0.256147689351936,0.7770150102131897,0.4384904642435342,0.2095963760045673,0.3824247355573637,0.6984140939102895,0.2619600557361821,0.7080090384132564,0.4966723711732268,0.8669684955298017,0.4971450323563,0.4962006079027355,0.3687310937748766,0.7929324480161766,0.2871311678651128,0.5151245551601423,0.2502685284640172,0.7253422897830328,0.1897394136807817,0.3675078864353312,0.3453012800499532,0.8104707504128879,0.2667631452001929,0.4893805309734513,0.0493666774926924,0.6621827152871779,0.0274170274170274,0.247557003257329
56,0.2719383767508687,0.7907304304984095,0.4438088205664593,0.23243499419173097,0.3744292237442922,0.698666202462902,0.4025411492925209,0.3499874466482551,0.4925704526046114,0.8625008792045172,0.4474092460440583,0.5478723404255319,0.3400089007565643,0.7848306345441256,0.2267062314540059,0.6797153024911032,0.2916804772953265,0.7457334369947031,0.2515723270440251,0.3470031545741325,0.362147406733394,0.8437587845178042,0.3726591760299625,0.3522123893805309,0.0792227204783258,0.7107567115307266,0.0514064015518913,0.1726384364820846
57,0.2697248443515384,0.7955239184972969,0.45776446495894907,0.2334378097667398,0.3663441805922017,0.6975344743384534,0.238984088127295,0.7843334170223449,0.5013720109760879,0.8591841953428113,0.5178137651821862,0.4859422492401216,0.359375,0.7891725744939196,0.2769749518304432,0.5115658362989324,0.2874642711310739,0.7442670505954565,0.2980524978831498,0.277602523659306,0.3825441039925719,0.8444095557267783,0.40234375,0.3646017699115044,0.0600150037509377,0.6708680177186208,0.0389863547758284,0.1302931596091205
58,0.27831535758572,0.7903619466860595,0.462596723517374,0.23225753508011077,0.3817589576547231,0.6906341880327219,0.2682058584214808,0.6620637710268642,0.4979606970708194,0.8670032413851778,0.4862418537291817,0.5102583586626139,0.3711093375897845,0.7952972472138421,0.3364688856729377,0.4137010676156583,0.2793962793962794,0.7242749966748439,0.2517394054395951,0.3138801261829653,0.4001626677511183,0.8451498240810699,0.3702031602708803,0.4353982300884956,0.0670835702103467,0.7203771503017931,0.040633608815427,0.1921824104234527
59,0.269022508324236,0.791259410346571,0.4462083782059314,0.22630341090091624,0.3656012876523338,0.6758675907229662,0.3372216330858961,0.3991965854883254,0.5070322236069076,0.8698333776902891,0.4770519262981574,0.541033434650456,0.3564889606892838,0.7843059148884831,0.2988263617213361,0.4417259786476868,0.2596701649175412,0.7223757248989482,0.2094823415578132,0.3414826498422713,0.3667914256549847,0.8210193822515128,0.2979546710889994,0.4769911504424778,0.0855555555555555,0.7319964347144643,0.0515740120562625,0.250814332247557
60,0.2677537272286193,0.7736050664161356,0.354143176951082,0.2224779779032368,0.3619107877254033,0.6557438415363881,0.2641727283223646,0.5744413758473512,0.4856115107913669,0.8303528140226747,0.4262342135476464,0.564209726443769,0.3411061285500747,0.75133962367818,0.2568662764520486,0.5075622775800712,0.2421441774491682,0.7064301287774818,0.198685540950455,0.3099369085173502,0.3579952267303102,0.8062162593476412,0.2911813643926789,0.4646017699115044,0.0647419072615923,0.6431173184834752,0.0442583732057416,0.1205211726384364
61,0.27695515280015215,0.7694797604852618,0.3359677769430354,0.24983062539047632,0.3574660633484163,0.6564690237723763,0.286188679245283,0.4760230981672106,0.4694416914436736,0.8201557789153089,0.4152542372881356,0.5398936170212766,0.3504885993485342,0.7477964706843125,0.276464542651593,0.4786476868327402,0.2456846950517836,0.7109520242596234,0.1933876811594203,0.3367507886435331,0.3539462978030919,0.7968286176420962,0.3275602409638554,0.3849557522123893,0.0472727272727272,0.6419649483300169,0.0534979423868312,0.0423452768729641
62,0.271501576051831,0.775344892289741,0.3515054102301631,0.23496696406474515,0.3597650513950073,0.6515107391436107,0.2664652567975831,0.5536028119507909,0.4670750382848392,0.8242093532617644,0.3912262698819908,0.5794072948328267,0.3366591567428387,0.7455031179358301,0.2637418053454362,0.4653024911032028,0.2403433476394849,0.7212511362192707,0.2198952879581152,0.2649842271293375,0.3560325684678016,0.8081559806202419,0.3059796437659033,0.4256637168141592,0.0565417488494411,0.643063194126469,0.0354200988467874,0.1400651465798045
63,0.27366702987248115,0.7579967835629493,0.3396269822181213,0.24093825914362482,0.3461832061068702,0.6456622631978436,0.2792057872864399,0.4554356013055485,0.4892803722785441,0.8225480406562597,0.4348596750369276,0.5592705167173252,0.3453357896499748,0.7423645121330865,0.2769272092398603,0.4586298932384341,0.254841997961264,0.7019831797797107,0.2238805970149253,0.2957413249211356,0.3415147265077138,0.7864292446831588,0.2828106852497096,0.4309734513274336,0.0414507772020725,0.6045203926585869,0.0344086021505376,0.0521172638436482
64,0.09271694609431591,0.475453086738053,0.6832266253236338,0.05279787819218253,0.3015818562988374,0.5736919323751942,0.1777817724249505,0.9932211900577456,0.2106267369032311,0.5484694124364515,0.1182194906178702,0.9646656534954408,0.182230869001297,0.4511673165820494,0.1002497324295397,1.0,0.1070900722097884,0.4558701456448208,0.0565743095524918,1.0,0.0960108755682059,0.4572448011862579,0.0504261680574769,1.0,0.0202020202020202,0.5172081581532857,0.026595744680851,0.01628664495114
65,0.12770028863594998,0.6615460535147354,0.5018771769180838,0.08004792213314982,0.3322155986090412,0.6105682693554869,0.2206913620988367,0.6716043183530003,0.3106071479833501,0.7384665260348966,0.1914705361882852,0.8221884498480243,0.216794731064764,0.60715828599781,0.1281635301752109,0.702846975088968,0.1206833878589603,0.5669366044817737,0.0664691278930087,0.6545741324921136,0.1176376183598138,0.6075455423481292,0.0646840804800564,0.6486725663716815,0.0504115226337448,0.6500450889031224,0.0299328039095907,0.1596091205211726
66,0.13472507072765427,0.6666944556287185,0.4650370002716599,0.08780994563720267,0.3362324204293116,0.6225393037812144,0.2662271062271062,0.4561888024102435,0.3455579088173002,0.7446837305546068,0.2445180627859284,0.5889057750759878,0.221138607826405,0.625946982391256,0.1523089840470193,0.4034697508896797,0.1182432432432432,0.5525169642606852,0.0734172387490465,0.3036277602523659,0.1410606889010388,0.631246742819241,0.0888225843470277,0.3424778761061947,0.0477849676455948,0.6558123152868244,0.0251748251748251,0.4690553745928338
67,0.12451269858211099,0.6432636044807298,0.5541768731329907,0.07707342544266008,0.3300592337107295,0.6073272976769131,0.2353004062433183,0.5525985438111976,0.3185576077396658,0.727348370622867,0.2072556649118791,0.6880699088145896,0.2243373065290873,0.6180365453052286,0.1402045808316655,0.5609430604982206,0.1071791398577717,0.5085312621338377,0.0566290928609769,0.998422712933754,0.1210565714896802,0.595589559068116,0.0688480720107043,0.5008849557522124,0.0417702635504724,0.6331367870515098,0.0217138425746413,0.5472312703583062
68,0.12973041312779826,0.6527402060741286,0.490467317109548,0.08014768910979572,0.3326729871232489,0.6090405534731328,0.2316027977539158,0.5902585990459452,0.3170509959500785,0.7228923202522034,0.202598500052815,0.7287234042553191,0.222509702457956,0.6181058971971913,0.1404245393048752,0.5355871886120996,0.1065308920003916,0.5221918944622284,0.0608160983789826,0.4290220820189274,0.1252548131370328,0.605650600817381,0.0718181818181818,0.4893805309734513,0.0284951024042742,0.6269035020889057,0.0196078431372549,0.0521172638436482
69,0.12118566634217842,0.647489636199761,0.6003367950701373,0.07389609661116939,0.3268734625307494,0.6075797602094025,0.2147587511825922,0.6839066030630179,0.2919055874116549,0.7179672584237775,0.1770176289826945,0.8316869300911854,0.2100315418393221,0.6094779529993707,0.1219739961209683,0.755338078291815,0.109073359073359,0.5302514466665831,0.0597612571773949,0.6238170347003155,0.1165678803274061,0.6048115261185377,0.0633338445023769,0.7309734513274336,0.0475907198096371,0.6367634135252571,0.0291120815138282,0.1302931596091205
70,0.1496495800267577,0.69504424322011,0.5559983022609623,0.09295668627061068,0.3459053969576995,0.6253341723200996,0.2391012099097369,0.6251569168968114,0.3281883380106018,0.7523930392034607,0.2064535111808552,0.7997720364741642,0.236036036036036,0.6432450265069524,0.1446496687412166,0.6410142348754448,0.1239931215494614,0.5795184808599241,0.0700337388815049,0.5402208201892744,0.1444731097439968,0.6624508669607376,0.0813589628967367,0.6442477876106195,0.0517097581317764,0.6504943578855653,0.0347533632286995,0.1009771986970684
71,0.14099431234781876,0.638525598969399,0.4302864732992054,0.09254413519521008,0.3496092528915286,0.6424447767226318,0.2327672327672327,0.7019834295756967,0.3215485756026296,0.7532946749538669,0.1990414179779345,0.8362462006079028,0.2824099570437273,0.7105501502260535,0.1876738398477529,0.5702846975088968,0.1754819574888779,0.665839366329618,0.1277897768178545,0.279968454258675,0.1435969868173258,0.6557503214582862,0.0828129242465381,0.5398230088495575,0.0466072652501713,0.6200852322391475,0.025061425061425,0.3322475570032573
72,0.1354395905084795,0.6329965126289239,0.35964130378600895,0.09372219836932157,0.3609455004559164,0.6529413828520685,0.2504379988320031,0.6459954807933719,0.3454845922037523,0.7499859192901004,0.2321358589157413,0.6751519756838906,0.2262573032420666,0.6783554938957106,0.1298487836949375,0.87855871886121,0.1596786341953301,0.6413382963152499,0.1171270718232044,0.250788643533123,0.139912222369996,0.6367805630569415,0.0823290029738613,0.4654867256637168,0.0512969979597784,0.6334682343044151,0.028169014084507,0.2866449511400651
73,0.14154513940455868,0.6366196013209173,0.43389498100624235,0.09241465398637441,0.3560428928485044,0.641126167645169,0.2622327790973872,0.5543560130554858,0.3532970356926799,0.7597490055390653,0.2404611583859456,0.6656534954407295,0.232530619489971,0.6915869772161561,0.1341022316249232,0.8741103202846975,0.1739366025467353,0.6589774108574846,0.132480396203054,0.2531545741324921,0.1551753345756395,0.658193134299329,0.0959564215378168,0.4053097345132743,0.048695652173913,0.628233267583899,0.0267260579064587,0.2736156351791531
74,0.13850797132747805,0.6338289566147065,0.35040667715774687,0.0924128521037176,0.3521775816187447,0.6446547343590009,0.2374824929971988,0.6811448656791363,0.3289382373351839,0.7545595968590054,0.2063461352423333,0.8104103343465046,0.2798053527980535,0.707250671404805,0.2009708737864077,0.4604092526690391,0.1580056179775281,0.6439601744707932,0.1016260162601626,0.3548895899053628,0.1323313782991202,0.6365571630547804,0.073809037006747,0.6389380530973451,0.0433017591339648,0.6363718035517065,0.037037037037037,0.0521172638436482
75,0.13860120175268298,0.6349140584234306,0.40695494788019093,0.0876824593543402,0.33905043162199,0.6387468919035175,0.2190825688073394,0.7494350991714788,0.2964782964782965,0.7479249237664414,0.1777056113586587,0.8939969604863222,0.2725302510384685,0.7006646008012056,0.1709721278042148,0.6712633451957295,0.1717617953702067,0.6629887718573099,0.1106809382828512,0.3832807570977918,0.1351472299292938,0.6536264941472566,0.0751767400179229,0.668141592920354,0.0424211070874288,0.6216945297874686,0.0223962126729788,0.4006514657980456
76,0.14439287905438625,0.6410526618010982,0.42186876411107793,0.09281735232317342,0.3499440458166019,0.6396625833862567,0.2371520342612419,0.6673361787597288,0.329374624173181,0.7619526222409104,0.2053035982008995,0.8324468085106383,0.2807661429062966,0.7147271713547119,0.1891515994436717,0.5444839857651246,0.1816106944897293,0.6765105267285891,0.1144677353062063,0.4392744479495268,0.1362448674878686,0.6550145414679112,0.0761527227206342,0.6460176991150443,0.044987395772736,0.6258717519310613,0.0239175257731958,0.3778501628664495
77,0.1445470629924739,0.6404375864221878,0.375344295560729,0.0973406731646985,0.3504753673292999,0.6335205900496012,0.2457327542672457,0.6108460959076073,0.3338343485483743,0.75757625697835,0.2108102707563193,0.8016717325227963,0.2774970851146521,0.7066017114340423,0.1957594589654542,0.476423487544484,0.1861898890258939,0.6736964269631692,0.1259032795997776,0.3572555205047318,0.1442490760443498,0.6566855842893964,0.0825746890627003,0.5699115044247788,0.0450106157112526,0.6204042345718704,0.0240744946627299,0.3452768729641693
78,0.1381327696498366,0.6309465092002604,0.33278317994276163,0.09642261676104262,0.3593958240781875,0.6462185970326166,0.2548566628163394,0.6093396936982174,0.3258061828180985,0.7349723983532078,0.2086668801366207,0.7427811550151976,0.2378232110643415,0.6768616115902477,0.1796094459582198,0.3518683274021352,0.1662669864108713,0.6519320871900671,0.1255533199195171,0.2460567823343848,0.1403961092230165,0.6384680839922501,0.0809131433202755,0.5300884955752212,0.0462916874066699,0.6184761556065692,0.0250606305578011,0.3029315960912052
79,0.14135251329112633,0.6380900080469702,0.3630053401190288,0.09945478406603767,0.3555454820187367,0.6407222085327313,0.254295904031125,0.590760733115742,0.3361505619935523,0.7495908627537944,0.2180893159977388,0.73290273556231,0.2375864236329352,0.6898547453230081,0.1836734693877551,0.3362989323843416,0.179860302677532,0.6580074121159744,0.1425276752767527,0.2436908517350157,0.1620081411126187,0.6706183801827096,0.0956730769230769,0.5283185840707965,0.049800796812749,0.6265794186940964,0.0269614451334591,0.3257328990228013
80,0.2623259564400042,0.7612537328515065,0.3266003075883669,0.22431167735919538,0.3552264808362369,0.6469985780764497,0.2719754568494064,0.5119256841576701,0.4698795180722891,0.8259158162826526,0.4198564593301435,0.5334346504559271,0.3247612049963262,0.7381680667422059,0.2765957446808511,0.3932384341637011,0.2327751852868514,0.6993507520817267,0.1785263157894736,0.334384858044164,0.3451357854932966,0.7935659303256307,0.2821810005621135,0.4442477876106194,0.0458452722063037,0.6281493196016035,0.0409207161125319,0.0521172638436482
81,0.26366044250937465,0.7619507355130297,0.33851976469683526,0.22079804077933146,0.3499867829764737,0.6444730405726424,0.269617159923975,0.4986191313080592,0.475472907983328,0.8239224983905566,0.4112590127565169,0.5634498480243161,0.3251589464123524,0.7421220065029167,0.2747927540681609,0.3981316725978647,0.2195266272189349,0.6923076464276492,0.1756628787878787,0.2925867507886435,0.3374827109266943,0.7932124508877402,0.2769580022701475,0.431858407079646,0.0526315789473684,0.6315978143480062,0.0531561461794019,0.0521172638436482
83,0.2643934960913861,0.7625060862724549,0.3218354311877859,0.2308375905795828,0.3521416435661271,0.6491422802101163,0.2734722222222222,0.4943509917147878,0.4779473419419755,0.8291416330137379,0.4277994596217352,0.5414133738601824,0.3248252316696472,0.7298508115240687,0.255956956187548,0.4443950177935943,0.2154744525547445,0.6877245971491334,0.1710709318497913,0.2910094637223975,0.3358778625954198,0.791066327213366,0.3643892339544513,0.311504424778761,0.0632183908045977,0.6456960679501479,0.0565552699228791,0.0716612377850162
84,0.2659156169351554,0.7658662798953749,0.3214581600367194,0.2475902211484673,0.361059869193359,0.6503162817006168,0.2710562759662596,0.5405473261360784,0.4685508903773893,0.8308203473418385,0.411006018916595,0.5448328267477204,0.3222083593262632,0.7421376715861276,0.2480787704130643,0.4595195729537366,0.2341335087142387,0.6958528145731901,0.200789622109419,0.2807570977917981,0.3511931562359298,0.783513262699784,0.3574702108157653,0.3451327433628318,0.0534262485481997,0.6395279531316942,0.0415162454873646,0.0749185667752443
85,0.24694404008869664,0.7589607081590035,0.4152594108890869,0.20456463909511538,0.3662204842833508,0.6702322923506732,0.261406333870102,0.611348229977404,0.4757757212847033,0.8432044132841737,0.455366446682876,0.4981003039513678,0.3299361326267155,0.7544002678563868,0.2375269027587556,0.5400355871886121,0.2353344768439108,0.7192746999456643,0.2082574377656345,0.2705047318611987,0.3381340012523481,0.8177401960417616,0.2616279069767442,0.4778761061946903,0.0581818181818181,0.651634651311746,0.0374531835205992,0.1302931596091205
86,0.22268055591353778,0.7481539086049311,0.4643557329720725,0.1763921602469888,0.3624574272989259,0.676947263383615,0.2451927337173239,0.6947024855636454,0.4656351205469593,0.842944318480587,0.442241968557758,0.4916413373860182,0.3071963591542618,0.7603496040889989,0.1952042414748765,0.7206405693950177,0.1570972064735594,0.6610158769495406,0.0903593027392387,0.6009463722397477,0.223388848660391,0.7492223909514584,0.1404187528447883,0.5460176991150443,0.064,0.6952170563448549,0.0353380903839619,0.3387622149837133
87,0.29436453045531213,0.8198760315319262,0.40716129447153887,0.23851995440050286,0.4011156186612576,0.7033276613503926,0.3023315071983692,0.5957820738137083,0.5202220459952419,0.8754660071890518,0.4465014974135584,0.6231003039513677,0.3752605976372481,0.8041721397079368,0.3078677309007981,0.4804270462633452,0.280163599182004,0.7512970531959373,0.2466986794717887,0.3241324921135646,0.4058697208303508,0.8602025498894117,0.3407451923076923,0.5017699115044247,0.0876389797253106,0.7443301606396189,0.0548281505728314,0.2182410423452769
88,0.294063903510855,0.8197688273366045,0.4013322022243389,0.24449101402253595,0.4059435364041605,0.703242222861292,0.3352421465968586,0.5144363545066533,0.5261421738413327,0.8758625034707461,0.4648790440104925,0.6060030395136778,0.3701434340621083,0.8039205723617928,0.2694100952767079,0.5911921708185054,0.2779211205307777,0.7508660316960444,0.2608996539792387,0.2973186119873817,0.4131386861313869,0.8609573430880443,0.3515527950310559,0.5008849557522124,0.0864790665751544,0.7464086832258234,0.0547826086956521,0.2052117263843648
89,0.29475785074671584,0.819352868557881,0.4059647271628748,0.23700538645768174,0.4057568238213399,0.7027573793470142,0.3355219960604071,0.5131810193321616,0.5253617427253936,0.8755914474056018,0.4517363959529669,0.6276595744680851,0.3732598607888631,0.8040078823259232,0.2768932874354561,0.572508896797153,0.2769797421731123,0.7511070495994007,0.2598479612992398,0.2965299684542586,0.4105065666041276,0.8599378403156483,0.3563517915309446,0.484070796460177,0.0892143808255659,0.7452929850856836,0.0560669456066945,0.2182410423452769
90,0.29428454367902174,0.8193517084942517,0.385844050712479,0.24378863027275743,0.4051188998185465,0.7029074327782343,0.3269112207151665,0.5325131810193322,0.5280972724285244,0.8751825021254481,0.4652576722640417,0.6105623100303952,0.3787829482590302,0.8037066629496727,0.2986146741918933,0.5177935943060499,0.2838874680306905,0.7519277331739644,0.2387096774193548,0.3501577287066246,0.4042402826855124,0.8605087976088657,0.3364705882352941,0.5061946902654867,0.0681551116333725,0.7447586635422307,0.0533088235294117,0.0944625407166123
91,0.29567483457890953,0.8201081405192349,0.3904205231377884,0.24721140869824734,0.4047477744807121,0.7033784438480972,0.3339317773788151,0.5136831534019584,0.5273031825795645,0.8759069820049489,0.4715398442180947,0.5980243161094225,0.3795212301240608,0.8042789400782016,0.3125179856115108,0.4830960854092527,0.2796961325966851,0.7512367381441036,0.2487714987714987,0.3194006309148265,0.4099888184867685,0.860090881057525,0.3541532517707663,0.4867256637168141,0.0751252086811352,0.743280295390858,0.0505050505050505,0.1465798045602606
92,0.29295842440134134,0.8203534518361852,0.4046519927444079,0.24005539165975626,0.405327868852459,0.7033656120775645,0.3423922451099186,0.4966105950288727,0.5236176043849751,0.8758842436261128,0.4547745729487538,0.6170212765957447,0.3734500364697301,0.8036966641949421,0.277838072498372,0.5693950177935944,0.2791842475386779,0.7509972299809199,0.2519035532994924,0.3130914826498422,0.4005421890884446,0.8599821421298617,0.3245469522240527,0.5230088495575221,0.0842911877394636,0.7441962120608508,0.0551102204408817,0.1791530944625407
93,0.29162340711630097,0.8200735992695817,0.4066589329478223,0.23530045059504415,0.4065712557952026,0.7026008793976537,0.3396194645563226,0.5064022093899071,0.5220168067226891,0.875602917377197,0.4680530440024111,0.5900455927051672,0.3719752391671356,0.804359304931549,0.2720164609053498,0.5880782918149466,0.281619937694704,0.7512598129383465,0.2327497425334706,0.3564668769716088,0.4134542705971277,0.8601237957262464,0.3608179419525066,0.484070796460177,0.0594059405940594,0.7444570399146146,0.060200668896321,0.0586319218241042
94,0.2927139390152326,0.8196859802098271,0.37719976902619007,0.24713499990794613,0.4053979110823551,0.7026582173303837,0.3208016383850204,0.550590007532011,0.5182200420462508,0.876007831370263,0.4808192457737321,0.5619300911854104,0.3776809067131648,0.8040584272988449,0.3105821623171781,0.4817615658362989,0.2780501874819729,0.7504893049260623,0.2191905411550704,0.3801261829652997,0.4045584045584046,0.860427903161055,0.3384982121573301,0.5026548672566372,0.0657395701643489,0.7432978213731267,0.0537190082644628,0.0846905537459283
95,0.2899156072424514,0.8191792312675635,0.37769829702570573,0.24196173548382593,0.3944142415520733,0.6985383272324222,0.3427195257502778,0.464474014561888,0.5169432918395575,0.8724035247731421,0.4743020304568528,0.5680091185410334,0.3728516310066643,0.8015020422594337,0.3077591198610307,0.472864768683274,0.2840070298769772,0.750614482889015,0.2561826252377933,0.3186119873817035,0.4018759018759019,0.8582493011866736,0.3392204628501827,0.4929203539823009,0.0720930232558139,0.7423029641443442,0.0560578661844484,0.1009771986970684
96,0.28744543406282086,0.8191848761123941,0.39768495502848283,0.23424349571903216,0.397107791837123,0.6984694645317813,0.3196997549019608,0.5239769018327893,0.518506801645049,0.8747467295895551,0.4441734417344173,0.6227203647416414,0.3754766793781167,0.8038274968533136,0.2800875273522976,0.5693950177935944,0.27734375,0.7508996746714953,0.2747678018575851,0.279968454258675,0.4067300658376006,0.8593582595454616,0.3466334164588528,0.4920353982300885,0.0536277602523659,0.7403045603342249,0.0519877675840978,0.0553745928338762
97,0.29171304961396405,0.8184022936081813,0.3764853452850766,0.24468465949909465,0.3957952468007312,0.6975529834016249,0.3111973551818312,0.5435601305548582,0.5091441111923921,0.8710058199499722,0.4908321579689704,0.5288753799392097,0.3745390412057078,0.8025218821700001,0.2928052143394334,0.5195729537366548,0.277056277056277,0.7511863016390783,0.2397694524495677,0.3280757097791798,0.4110942249240121,0.8598761668707209,0.3601864181091877,0.4787610619469026,0.0853080568720379,0.7419879382949929,0.0538461538461538,0.2052117263843648
98,0.2886635997333494,0.8190038200105196,0.38128828671347886,0.24020369690313026,0.3994525547445255,0.7008202448933535,0.3137451626773685,0.5495857393924177,0.5152869658501699,0.873011106925398,0.4866599121918271,0.5474924012158054,0.3752263672582397,0.8030880520106338,0.3164324984728161,0.4608540925266904,0.2761803336883209,0.7504073689038555,0.2511297611362169,0.306782334384858,0.4075009015506671,0.8598242389937422,0.3438831405964698,0.5,0.0503597122302158,0.7449232457706785,0.0562248995983935,0.0456026058631921
99,0.28739729131433617,0.8195310336128284,0.3850003901995932,0.23898079540745765,0.4002493765586035,0.7012556333344647,0.3414288246764758,0.4835551092141602,0.5083318073612891,0.8729909600882614,0.4906327324142807,0.5273556231003039,0.3770185279619242,0.803567716638069,0.305089408528198,0.4933274021352313,0.2802370163820146,0.7493929353404751,0.2510930668332292,0.3170347003154574,0.40836132885405,0.859600984447819,0.3531310522918011,0.484070796460177,0.05,0.7409683385030073,0.0610328638497652,0.0423452768729641
100,0.29078320809589353,0.8189324960355314,0.3997110778043916,0.23500179344616554,0.3951660444095107,0.6982307187195165,0.3246166263115416,0.5048958071805172,0.5123398937831928,0.8726672285385024,0.4350132625994695,0.6231003039513677,0.3748862602365787,0.8022349939747305,0.317215891592239,0.4581850533807829,0.2805312601230968,0.749734621227439,0.2380428807036833,0.3414826498422713,0.4026696329254727,0.8592101643156783,0.3465220165922144,0.4805309734513274,0.0921603830041891,0.7384428297303693,0.0564516129032258,0.250814332247557
101,0.2908843113709549,0.8184788569983404,0.41651182155100647,0.23210285400004702,0.4020563729835135,0.7002893227293487,0.3107274969173859,0.5694200351493849,0.5207765121129472,0.873514461109828,0.4507081366287142,0.6166413373860182,0.3740823491860836,0.801059098527266,0.291687406669985,0.5213523131672598,0.2811824080749819,0.7512603161850708,0.2589641434262948,0.307570977917981,0.4042631385520029,0.8565734583093332,0.3456945317410433,0.4867256637168141,0.0891089108910891,0.7412568544632123,0.0536068828590337,0.263843648208469
102,0.28648579101901767,0.8192402037049057,0.37807736567428424,0.2397794385573905,0.3828332700341815,0.6920952195521384,0.2744500108908734,0.632688927943761,0.5176775867661368,0.8727395037570062,0.4516129032258064,0.6063829787234043,0.3771860721600756,0.8031821527497524,0.2920224444986582,0.5324733096085409,0.2691056910569105,0.7509104106016117,0.2776845637583892,0.2610410094637224,0.3965574313141344,0.8602039213339419,0.3167636171337916,0.5300884955752212,0.0514579759862778,0.7410534647025981,0.0543478260869565,0.0488599348534201
103,0.2905913804323378,0.8200565456497627,0.3806285718402709,0.24158378846201115,0.3984872611464968,0.6999618028483755,0.3300906842539159,0.5026362038664324,0.5102253032928943,0.8734789185953369,0.4690885914595283,0.5592705167173252,0.376453488372093,0.8028848027923667,0.3181818181818182,0.4608540925266904,0.2834701892181364,0.7513158597124083,0.2589693411611219,0.3130914826498422,0.4024087849805172,0.8595610255412841,0.3354991139988186,0.5026548672566372,0.0654338549075391,0.7379253714219566,0.058080808080808,0.0749185667752443
104,0.2894833640681277,0.8178783031828248,0.37538922983848666,0.242204705029916,0.3973134045974836,0.698678448805177,0.3187613843351548,0.5272407732864675,0.5138101983002833,0.873599434882658,0.4811007957559681,0.5512917933130699,0.3788406715235983,0.8015260965955111,0.294146581406788,0.5320284697508897,0.2798199549887472,0.7503048370434918,0.2668097281831187,0.2941640378548896,0.3989236461486714,0.8565990378277649,0.3217580032555616,0.5247787610619469,0.0486111111111111,0.7401991098862889,0.0520446096654275,0.0456026058631921
105,0.2881935284354119,0.8189628200158339,0.38895843909343697,0.2389757656151667,0.3939522636541238,0.6975356315803583,0.2976893453145058,0.5822244539291991,0.5135506003430532,0.8738931813351254,0.4681050656660412,0.5687689969604863,0.3746223564954682,0.802566926174222,0.2768445672974697,0.5791814946619217,0.2804989351992698,0.7502181294967891,0.2283308568598316,0.3635646687697161,0.4068335319825188,0.8588500146703006,0.3691420331651045,0.4530973451327433,0.0533807829181494,0.7367105557518434,0.0588235294117647,0.0488599348534201
106,0.28881166412533643,0.8176872927109324,0.3912519758312434,0.2360672992895909,0.3975196362133112,0.7014033790891807,0.2963510848126233,0.6035651518955562,0.5111561866125761,0.8727909506588889,0.4604141291108404,0.574468085106383,0.3755444426520407,0.7992737530726052,0.2946089597570235,0.5177935943060499,0.2832670541449985,0.750372682157421,0.2313843078460769,0.3651419558359621,0.4,0.8571332985900717,0.3284090909090909,0.511504424778761,0.0608,0.7389108765509574,0.0597484276729559,0.0618892508143322
107,0.2877303818234234,0.8191490451186522,0.40525036514453966,0.23095130402291944,0.3983572895277207,0.7022258036816984,0.3021414665801427,0.584484057243284,0.5157170923379175,0.8732156083603826,0.4531070195627157,0.598404255319149,0.376382614114348,0.8022267480336738,0.2896187964516902,0.5373665480427047,0.2807692307692307,0.7511173568378631,0.2365010799136069,0.3454258675078864,0.4032978357952593,0.8577170975911617,0.3295901179112858,0.5194690265486726,0.0551724137931034,0.7418036945654285,0.0586080586080586,0.0521172638436482
108,0.28985564998442526,0.8200201861397572,0.39203507037625085,0.24001191679919948,0.3896499238964992,0.7013108473879341,0.2795675439554439,0.6427316093396936,0.5163365498561029,0.8736089276039197,0.465648854961832,0.5794072948328267,0.3757593288978883,0.8025141764042265,0.278396913844835,0.577846975088968,0.2679180887372013,0.7507353739354282,0.2918215613382899,0.2476340694006309,0.4116519739363741,0.8602477867794409,0.3630831643002028,0.475221238938053,0.0577249575551782,0.7357553897181983,0.0602836879432624,0.0553745928338762
109,0.2892309463864321,0.8187710165880832,0.3793882209372663,0.24126082147351066,0.3997413872725593,0.7015334258500585,0.3161893629456458,0.5433090635199598,0.5196335078534031,0.8734711823634491,0.4563218390804597,0.6033434650455927,0.3729698375870069,0.801636656144787,0.2766781411359724,0.5720640569395018,0.277798300701884,0.7497974525128936,0.2612925642807505,0.2965299684542586,0.4,0.8571434389678093,0.3156010230179028,0.5460176991150443,0.0571428571428571,0.7427250604904123,0.0688073394495412,0.0488599348534201
110,0.28798601955064507,0.8168586040223884,0.38143476221115513,0.23949031643949845,0.3829048703763966,0.6925146993207112,0.3370893812070282,0.443133316595531,0.5163947932114022,0.8728045802485668,0.4559208612161769,0.5953647416413373,0.3734414901607331,0.8022057693895145,0.2819233386255386,0.5529359430604982,0.277956204379562,0.7487623485562858,0.220676866017617,0.3753943217665615,0.4102184376156979,0.8597901398956539,0.3526416295353278,0.4902654867256637,0.0481927710843373,0.7428453859317026,0.06282722513089,0.0390879478827361
111,0.28624593754602684,0.8146046479458394,0.35918214950034394,0.24558749641081712,0.3743754857333185,0.6850706795023582,0.3355891719745223,0.4232990208385639,0.5004341031429067,0.8680953938436946,0.4608250719539494,0.5474924012158054,0.37137710823645,0.7973129829387511,0.2938585125680228,0.5044483985765125,0.2797731568998109,0.7469338481808265,0.2687000726216412,0.2917981072555205,0.4050736497545008,0.8576011274105215,0.3767123287671233,0.4380530973451327,0.0658307210031347,0.741299123008684,0.0634441087613293,0.0684039087947882
112,0.2843701086585196,0.8155196214913903,0.4012085136793904,0.22979703514764777,0.3701265169119546,0.6841681193115859,0.249109392649231,0.7198091890534772,0.4990106134196798,0.8693415798621776,0.4738640245985651,0.5269756838905775,0.3685481436764262,0.7980726898665409,0.278894472361809,0.5431494661921709,0.2769631801889866,0.747109145789756,0.2359800111049417,0.3351735015772871,0.4073208722741433,0.8568841320543158,0.3636995827538247,0.4628318584070796,0.0864381520119225,0.7380996739430913,0.0560386473429951,0.1889250814332247
117,0.2908419237922458,0.8174621006703917,0.3878676130253614,0.24133970405075075,0.3973831775700934,0.7000040149486791,0.316510346881048,0.5337685161938237,0.5130641330166271,0.8740246300890967,0.463519313304721,0.574468085106383,0.3760892296967584,0.802166579121524,0.3091690544412607,0.4799822064056939,0.278816199376947,0.7500720574753983,0.2753846153846154,0.2823343848580442,0.4018725243068059,0.8601726274633014,0.3387978142076502,0.4938053097345132,0.0813308687615526,0.7468525029532753,0.0567741935483871,0.1433224755700325
118,0.29164332523534986,0.8176069023724895,0.3851179058075917,0.2452921908687926,0.3931642778390297,0.7014586407937873,0.3505012777668567,0.4476525232237007,0.5114431624739928,0.8737216308729326,0.5092278719397364,0.513677811550152,0.3786999851256879,0.8031117535791793,0.2844692737430168,0.5662811387900356,0.2814645308924485,0.7506799795182312,0.2725258493353028,0.2910094637223975,0.404183787822189,0.8602504257711883,0.3497091144149967,0.4787610619469026,0.0917544947303161,0.7455654478352394,0.0566615620214395,0.2410423452768729
119,0.28856332302632126,0.8181350919633494,0.3864364568715212,0.23941356055360727,0.3996398018910401,0.6974257140213185,0.3115697837686043,0.5571177504393673,0.5153246753246753,0.8741300098532334,0.4734330257715558,0.5653495440729484,0.3715768232920149,0.8008922284607201,0.2748400852878465,0.5733985765124555,0.280970625798212,0.7494303060694388,0.2360515021459227,0.3470031545741325,0.4083204930662558,0.8605714061296089,0.3615279672578445,0.4690265486725664,0.0542986425339366,0.7465170055784172,0.0505617977528089,0.0586319218241042
120,0.2874407555612466,0.8160029229278197,0.3890787562430539,0.23970007657328457,0.3922740859967809,0.7006155764515322,0.2823256840247131,0.6424805423047953,0.5178091397849462,0.8747276673606114,0.4641566265060241,0.5854863221884499,0.3738623953403713,0.801559344935387,0.3163894023413432,0.4568505338078292,0.2787009063444108,0.7514219142998414,0.2673913043478261,0.2910094637223975,0.4121163810282981,0.8577603396527836,0.3749093546047861,0.4575221238938053,0.0419847328244274,0.7428409676168448,0.0506912442396313,0.0358306188925081
121,0.29353447781219966,0.8180946418496102,0.40721016622842876,0.23933135941783945,0.402555910543131,0.7037428661312232,0.3113246396705559,0.5694200351493849,0.5247200689061154,0.8776726185613052,0.479987393633785,0.5786474164133738,0.3776755985413033,0.8043828962602408,0.2934220251293422,0.5298042704626335,0.2832037850625211,0.7517926393866683,0.2477823772915434,0.3304416403785489,0.3940099833610649,0.8597872307708931,0.3157333333333333,0.5238938053097345,0.088659793814433,0.7424196076565863,0.0526638089406001,0.2801302931596091
122,0.2951777858424975,0.8171043686936392,0.38980790296399304,0.2463430792861009,0.4055707955264824,0.7012959189673623,0.3497725204731574,0.4825508410745669,0.5175167019716473,0.8747486204551653,0.4530670470756063,0.6033434650455927,0.3741439786203441,0.8023831232661476,0.2995453329767317,0.498220640569395,0.2819576333089846,0.7504135010583838,0.2625850340136054,0.3044164037854889,0.4106060606060606,0.8595624801036647,0.3589403973509933,0.479646017699115,0.0659553831231813,0.7486058375659562,0.0469613259668508,0.1107491856677524
123,0.23357882701063634,0.7555811913021485,0.3979300712967775,0.1864036747922193,0.3638795045045045,0.6622415438053569,0.2528117359413203,0.6490082852121516,0.4527146769776059,0.8276621026609873,0.393006993006993,0.5338145896656535,0.3010554089709762,0.7256578276645944,0.2139909977494373,0.5075622775800712,0.2061281337047353,0.6755474243310771,0.1845386533665835,0.2334384858044164,0.3026831474223696,0.7903355966323972,0.2295381801554641,0.4442477876106194,0.0567164179104477,0.6699703634167063,0.0523415977961432,0.0618892508143322
124,0.264817176141876,0.7830386951068514,0.4292074882379881,0.22248648655295603,0.3954276704769413,0.7009182564753845,0.2882096069868995,0.6296761235249811,0.4972610001767096,0.8640348991210718,0.464816650148662,0.5345744680851063,0.3425945268435346,0.7820785627404112,0.3229617959826703,0.3647686832740213,0.232418524871355,0.7043975525359758,0.2546992481203007,0.2137223974763407,0.3539888682745825,0.8204834383527372,0.3047923322683706,0.4221238938053097,0.0729653882132834,0.7155963863486442,0.0511811023622047,0.1270358306188925
125,0.24003627510665823,0.7657774963446473,0.39665772178515685,0.19202081585078065,0.3632242149476631,0.6697569177980986,0.247276688453159,0.6839066030630179,0.4793756967670011,0.8517439271155579,0.4126679462571977,0.5718085106382979,0.3326263697419583,0.7594088833214333,0.2759530791788856,0.418594306049822,0.2232727272727272,0.7121202276553982,0.2071524966261808,0.2421135646687697,0.3659773702692158,0.8167823459348308,0.3272854152128402,0.4150442477876106,0.0662177328843995,0.6719907851625329,0.04,0.1921824104234527
126,0.13442588917680814,0.817167311984714,0.09579497270982826,0.35828989745827255,0.0196463654223968,0.7007806740275148,0.449438202247191,0.0100426813959327,0.4232013940751805,0.8748149255294577,0.6137184115523465,0.3229483282674772,0.0981996726677577,0.8025926671800611,0.6122448979591837,0.0533807829181494,0.1079187105816398,0.750956578828865,0.4842767295597484,0.0607255520504731,0.2862770847012475,0.8602587998946066,0.55470737913486,0.1929203539823009,0.0,0.7474959568737124,0.0,0.0
127,0.1327,0.8172,0.0936,0.3584,0.0386566803575742,0.701107935230886,0.5128205128205128,0.0200853627918654,0.4266534062655395,0.874783894217184,0.6172661870503597,0.3259878419452887,0.098735210118319,0.8023718567530994,0.5960591133004927,0.0538256227758007,0.1137309292649098,0.7510350853178401,0.4712643678160919,0.0646687697160883,0.2887001959503592,0.8595121106863788,0.5511221945137157,0.195575221238938,0.0,0.7469860833391386,0.0,0.0
128,0.1317,0.8174,0.0927,0.3576,0.0353425320745582,0.7015373332433136,0.4932432432432432,0.0183278935475772,0.4286069034020363,0.8752097805014092,0.6186379928315412,0.3278875379939209,0.0906842539159109,0.8022801592427915,0.6179775280898876,0.048932384341637,0.1078431372549019,0.7506232617485371,0.48125,0.0607255520504731,0.2944228274967574,0.8598822760327186,0.5509708737864077,0.2008849557522123,0.0,0.7469441829865717,0.0,0.0
129,0.1308,0.8171,0.0917,0.356,0.0390361445783132,0.7008538797889512,0.4850299401197604,0.0203364298267637,0.4194681384846964,0.8749629889452125,0.6174298375184638,0.3176291793313069,0.0975010241704219,0.8021341575805511,0.616580310880829,0.0529359430604982,0.1139680333564975,0.7514610184341884,0.47953216374269,0.0646687697160883,0.2948051948051948,0.859778108586822,0.5536585365853659,0.2008849557522123,0.0,0.7490828682934214,0.0,0.0
130,0.1335,0.8168,0.0942,0.361,0.0287384315635655,0.7009767516500193,0.4796747967479675,0.0148129550590007,0.4218985434455047,0.8750259154169934,0.6222222222222222,0.3191489361702128,0.0960985626283367,0.8021421389459589,0.6256684491978609,0.0520462633451957,0.1132075471698113,0.7507771061360016,0.4969325153374233,0.0638801261829653,0.2817460317460317,0.8600304336008898,0.5575916230366492,0.1884955752212389,0.0,0.7486391222045506,0.0,0.0
131,0.13963380496713287,0.8170661160151653,0.10383856393596588,0.38355083487501307,0.0297126156843643,0.7007506538110433,0.4959349593495935,0.0153150891287973,0.430898321816387,0.8750883619736444,0.6147887323943662,0.3316869300911854,0.0983606557377049,0.802125790375655,0.625,0.0533807829181494,0.1111883252258512,0.7502714177332515,0.4678362573099415,0.0630914826498422,0.2883355176933158,0.8595962051714263,0.5555555555555556,0.1946902654867256,0.0,0.7473042020088899,0.0,0.0
