iteration,phase,config_source,description,parent_iteration,loss_type,loss_gamma,loss_alpha,use_class_weights,architecture,backbone,dropout_rate,head_type,head_hidden_features,head_dropout,batch_size,learning_rate,num_epochs,freeze_backbone,weight_decay,scheduler_type,scheduler_patience,scheduler_factor,scheduler_mode,early_stopping_enabled,early_stopping_patience,early_stopping_monitor,early_stopping_min_delta,rare_class_aug_enabled,threshold_optimization,auc_improvement_enabled,auc_improvement_strategy,hernia_oversample_enabled,hernia_oversample_factor,config_file,description
0,-,iteration_dir,Baseline configuration from v1.1 implementation,-,FocalLoss,2.00,-,Yes,ModifiedDenseNetWithDropOut,densenet121,0.3000,-,-,-,64,0.0010,20,-,0.00e+00,ReduceLROnPlateau,5,0.5000,min,Yes,5,-,0.0100,Yes,-,-,-,-,-,config.yaml,Baseline configuration from v1.1 implementation
0,-,iteration_dir,Baseline configuration from v1.1 implementation,-,FocalLoss,2.00,-,Yes,ModifiedDenseNetWithDropOut,densenet121,0.3000,-,-,-,64,0.0010,20,-,0.00e+00,ReduceLROnPlateau,5,0.5000,min,Yes,5,-,0.0100,Yes,-,-,-,-,-,config.yaml,Baseline configuration from v1.1 implementation
0,-,iteration_dir,Baseline configuration from v1.1 implementation,-,FocalLoss,2.00,-,Yes,ModifiedDenseNetWithDropOut,densenet121,0.3000,-,-,-,64,0.0010,20,-,0.00e+00,ReduceLROnPlateau,5,0.5000,min,Yes,5,-,0.0100,Yes,-,-,-,-,-,config.yaml,Baseline configuration from v1.1 implementation
0,-,iteration_dir,Baseline configuration from v1.1 implementation,-,FocalLoss,2.00,-,Yes,ModifiedDenseNetWithDropOut,densenet121,0.3000,-,-,-,64,0.0010,20,-,0.00e+00,ReduceLROnPlateau,5,0.5000,min,Yes,5,-,0.0100,Yes,-,-,-,-,-,config.yaml,Baseline configuration from v1.1 implementation
6,-,standalone,Hybrid config - combines best from iter 2 (high AUC) and iter 4 (high Recall),-,FocalLoss,2.50,-,Yes,ModifiedDenseNetWithDropOut,densenet121,0.4000,-,-,-,64,0.0005,50,-,0.0100,ReduceLROnPlateau,7,0.5000,min,Yes,15,-,0.0050,Yes,per_class_f1_score,-,-,-,-,config_iteration_006_recommended.yaml,Hybrid config - combines best from iter 2 (high AUC) and iter 4 (high Recall)
9,-,iteration_dir,Baseline configuration from v1.1 implementation,-,FocalLoss,3.00,-,Yes,ModifiedDenseNetWithDropOut,densenet121,0.3000,-,-,-,64,0.0001,30,-,0.00e+00,ReduceLROnPlateau,5,0.5000,min,Yes,5,-,0.0100,Yes,f1_score,-,-,-,-,config.yaml,Baseline configuration from v1.1 implementation
10,-,iteration_dir,Baseline configuration from v1.1 implementation,-,FocalLoss,2.00,0.2500,Yes,ModifiedDenseNetWithDropOut,densenet121,0.5000,-,-,-,64,0.0010,40,-,0.00e+00,ReduceLROnPlateau,5,0.5000,min,Yes,5,-,0.0100,Yes,per_class_f1_score,-,-,-,-,config.yaml,Baseline configuration from v1.1 implementation
10,-,iteration_dir,Baseline configuration from v1.1 implementation,-,FocalLoss,2.00,0.2500,Yes,ModifiedDenseNetWithDropOut,densenet121,0.5000,-,-,-,64,0.0010,40,-,0.00e+00,ReduceLROnPlateau,5,0.5000,min,Yes,5,-,0.0100,Yes,per_class_f1_score,-,-,-,-,config.yaml,Baseline configuration from v1.1 implementation
12,-,iteration_dir,Baseline configuration from v1.1 implementation,-,FocalLoss,3.00,0.7500,Yes,ModifiedDenseNetWithDropOut,densenet121,0.3000,-,-,-,64,0.0005,50,-,0.00e+00,ReduceLROnPlateau,5,0.5000,min,Yes,5,-,0.0100,Yes,per_class_f1_score,-,-,-,-,config.yaml,Baseline configuration from v1.1 implementation
12,-,iteration_dir,Baseline configuration from v1.1 implementation,-,FocalLoss,3.00,0.7500,Yes,ModifiedDenseNetWithDropOut,densenet121,0.3000,-,-,-,64,0.0005,50,-,0.00e+00,ReduceLROnPlateau,5,0.5000,min,Yes,5,-,0.0100,Yes,per_class_f1_score,-,-,-,-,config.yaml,Baseline configuration from v1.1 implementation
12,-,iteration_dir,Baseline configuration from v1.1 implementation,-,FocalLoss,3.00,0.7500,Yes,ModifiedDenseNetWithDropOut,densenet121,0.3000,-,-,-,64,0.0005,50,-,0.00e+00,ReduceLROnPlateau,5,0.5000,min,Yes,5,-,0.0100,Yes,per_class_f1_score,-,-,-,-,config.yaml,Baseline configuration from v1.1 implementation
13,-,iteration_dir,Baseline configuration from v1.1 implementation,-,FocalLoss,4.00,0.5000,Yes,ModifiedDenseNetWithDropOut,densenet121,0.2000,-,-,-,64,0.0001,60,-,0.00e+00,ReduceLROnPlateau,5,0.5000,min,Yes,5,-,0.0100,Yes,per_class_f1_score,-,-,-,-,config.yaml,Baseline configuration from v1.1 implementation
14,-,iteration_dir,Baseline configuration from v1.1 implementation,-,FocalLoss,5.00,0.7500,Yes,ModifiedDenseNetWithDropOut,densenet121,0.1000,-,-,-,64,5.00e-05,70,-,0.00e+00,ReduceLROnPlateau,5,0.5000,min,Yes,5,-,0.0100,Yes,per_class_f1_score,-,-,-,-,config.yaml,Baseline configuration from v1.1 implementation
14,-,iteration_dir,Baseline configuration from v1.1 implementation,-,FocalLoss,5.00,0.7500,Yes,ModifiedDenseNetWithDropOut,densenet121,0.1000,-,-,-,64,5.00e-05,70,-,0.00e+00,ReduceLROnPlateau,5,0.5000,min,Yes,5,-,0.0100,Yes,per_class_f1_score,-,-,-,-,config.yaml,Baseline configuration from v1.1 implementation
16,-,iteration_dir,Baseline configuration from v1.1 implementation,-,FocalLoss,2.00,0.6000,Yes,ModifiedDenseNetWithDropOut,densenet121,0.2000,-,-,-,64,5.00e-05,90,-,0.00e+00,ReduceLROnPlateau,5,0.5000,min,Yes,5,-,0.0100,Yes,per_class_f1_score,-,-,-,-,config.yaml,Baseline configuration from v1.1 implementation
17,-,iteration_dir,Baseline configuration from v1.1 implementation,-,FocalLoss,3.00,0.7000,Yes,ModifiedDenseNetWithDropOut,densenet121,0.3000,-,-,-,64,1.00e-05,100,-,0.00e+00,ReduceLROnPlateau,5,0.5000,min,Yes,5,-,0.0100,Yes,per_class_f1_score,-,-,-,-,config.yaml,Baseline configuration from v1.1 implementation
17,-,iteration_dir,Baseline configuration from v1.1 implementation,-,FocalLoss,3.00,0.7000,Yes,ModifiedDenseNetWithDropOut,densenet121,0.3000,-,-,-,64,1.00e-05,100,-,0.00e+00,ReduceLROnPlateau,5,0.5000,min,Yes,5,-,0.0100,Yes,per_class_f1_score,-,-,-,-,config.yaml,Baseline configuration from v1.1 implementation
19,-,iteration_dir,Baseline configuration from v1.1 implementation,-,FocalLoss,2.50,0.8000,Yes,ModifiedDenseNetWithDropOut,densenet121,0.4000,-,-,-,64,1.00e-05,120,-,0.00e+00,ReduceLROnPlateau,5,0.5000,min,Yes,10,-,0.0100,Yes,per_class_f1_score,-,-,-,-,config.yaml,Baseline configuration from v1.1 implementation
20,-,iteration_dir,Baseline configuration from v1.1 implementation,-,FocalLoss,3.00,0.7000,Yes,ModifiedDenseNetWithDropOut,densenet121,0.4000,-,-,-,64,1.00e-05,150,-,0.00e+00,ReduceLROnPlateau,5,0.5000,min,Yes,10,-,0.0100,Yes,per_class,-,-,-,-,config.yaml,Baseline configuration from v1.1 implementation
20,-,iteration_dir,Baseline configuration from v1.1 implementation,-,FocalLoss,3.00,0.7000,Yes,ModifiedDenseNetWithDropOut,densenet121,0.4000,-,-,-,64,1.00e-05,150,-,0.00e+00,ReduceLROnPlateau,5,0.5000,min,Yes,10,-,0.0100,Yes,per_class,-,-,-,-,config.yaml,Baseline configuration from v1.1 implementation
22,-,standalone,Baseline configuration from v1.1 implementation,-,focal,2.00,0.8000,Yes,ModifiedDenseNetWithDropOut,densenet121,0.5000,-,-,-,64,1.00e-05,200,-,0.00e+00,ReduceLROnPlateau,5,0.5000,min,Yes,10,-,0.0100,Yes,per_class,-,-,-,-,config_iteration_022.yaml,Baseline configuration from v1.1 implementation
22,-,iteration_dir,Baseline configuration from v1.1 implementation,-,focal,2.00,0.8000,Yes,ModifiedDenseNetWithDropOut,densenet121,0.5000,-,-,-,64,1.00e-05,200,-,0.00e+00,ReduceLROnPlateau,5,0.5000,min,Yes,10,-,0.0100,Yes,per_class,-,-,-,-,config.yaml,Baseline configuration from v1.1 implementation
22,-,iteration_dir,Baseline configuration from v1.1 implementation,-,focal,2.00,0.8000,Yes,ModifiedDenseNetWithDropOut,densenet121,0.5000,-,-,-,64,1.00e-05,200,-,0.00e+00,ReduceLROnPlateau,5,0.5000,min,Yes,10,-,0.0100,Yes,per_class,-,-,-,-,config.yaml,Baseline configuration from v1.1 implementation
22,-,iteration_dir,Baseline configuration from v1.1 implementation,-,focal,2.00,0.8000,Yes,ModifiedDenseNetWithDropOut,densenet121,0.5000,-,-,-,64,1.00e-05,200,-,0.00e+00,ReduceLROnPlateau,5,0.5000,min,Yes,10,-,0.0100,Yes,per_class,-,-,-,-,config.yaml,Baseline configuration from v1.1 implementation
22,-,iteration_dir,Baseline configuration from v1.1 implementation,-,focal,2.00,0.8000,Yes,ModifiedDenseNetWithDropOut,densenet121,0.5000,-,-,-,64,1.00e-05,200,-,0.00e+00,ReduceLROnPlateau,5,0.5000,min,Yes,10,-,0.0100,Yes,per_class,-,-,-,-,config.yaml,Baseline configuration from v1.1 implementation
27,-,iteration_dir,Baseline configuration from v1.1 implementation,-,focal,2.00,0.8000,Yes,ModifiedDenseNetWithDropOut,densenet121,0.5000,-,-,-,64,1.00e-05,200,-,0.00e+00,ReduceLROnPlateau,5,0.5000,min,Yes,10,-,0.0100,Yes,per_class_f1_score,-,-,-,-,config.yaml,Baseline configuration from v1.1 implementation
28,-,iteration_dir,Baseline configuration from v1.1 implementation,-,focal,2.00,0.8000,Yes,ModifiedDenseNetWithDropOut,densenet121,0.5000,-,-,-,64,1.00e-05,200,-,0.00e+00,ReduceLROnPlateau,5,0.5000,min,Yes,10,-,0.0100,Yes,per_class_f1_score,-,-,-,-,config.yaml,Baseline configuration from v1.1 implementation
32,-,iteration_dir,Baseline configuration from v1.1 implementation,-,FocalLoss,2.00,-,Yes,ModifiedDenseNetWithDropOut,densenet121,0.3000,-,-,-,64,0.0010,20,-,0.00e+00,ReduceLROnPlateau,5,0.5000,min,Yes,5,-,0.0100,Yes,per_class_f1_score,-,-,-,-,config.yaml,Baseline configuration from v1.1 implementation
33,-,iteration_dir,Baseline configuration from v1.1 implementation,-,FocalLoss,2.00,-,Yes,ModifiedDenseNetWithDropOut,densenet121,0.3000,-,-,-,64,0.0010,20,-,0.00e+00,ReduceLROnPlateau,5,0.5000,min,Yes,5,-,0.0100,Yes,per_class_f1_score,-,-,-,-,config.yaml,Baseline configuration from v1.1 implementation
33,-,iteration_dir,Baseline configuration from v1.1 implementation,-,FocalLoss,2.00,-,Yes,ModifiedDenseNetWithDropOut,densenet121,0.3000,-,-,-,64,0.0010,20,-,0.00e+00,ReduceLROnPlateau,5,0.5000,min,Yes,5,-,0.0100,Yes,per_class_f1_score,-,-,-,-,config.yaml,Baseline configuration from v1.1 implementation
35,-,iteration_dir,Baseline configuration from v1.1 implementation,-,FocalLoss,2.00,-,Yes,ModifiedDenseNetWithDropOut,densenet121,0.3000,-,-,-,64,0.0010,20,-,0.00e+00,ReduceLROnPlateau,5,0.5000,min,Yes,5,-,0.0100,Yes,per_class_f1_score,-,-,-,-,config.yaml,Baseline configuration from v1.1 implementation
36,-,iteration_dir,Baseline configuration from v1.1 implementation,-,FocalLoss,2.00,-,Yes,ModifiedDenseNetWithDropOut,densenet121,0.3000,-,-,-,64,0.0010,20,-,0.00e+00,ReduceLROnPlateau,5,0.5000,min,Yes,5,-,0.0100,Yes,per_class_f1_score,-,-,-,-,config.yaml,Baseline configuration from v1.1 implementation
36,-,iteration_dir,Baseline configuration from v1.1 implementation,-,FocalLoss,2.00,-,Yes,ModifiedDenseNetWithDropOut,densenet121,0.3000,-,-,-,64,0.0010,20,-,0.00e+00,ReduceLROnPlateau,5,0.5000,min,Yes,5,-,0.0100,Yes,per_class_f1_score,-,-,-,-,config.yaml,Baseline configuration from v1.1 implementation
38,-,iteration_dir,Baseline configuration from v1.1 implementation,-,FocalLoss,2.00,-,Yes,ModifiedDenseNetWithDropOut,densenet121,0.3000,-,-,-,64,0.0010,20,-,0.00e+00,ReduceLROnPlateau,5,0.5000,min,Yes,5,-,0.0100,Yes,per_class_f1_score,-,-,-,-,config.yaml,Baseline configuration from v1.1 implementation
39,-,iteration_dir,Baseline configuration from v1.1 implementation,-,FocalLoss,2.00,-,Yes,ModifiedDenseNetWithDropOut,densenet121,0.3000,-,-,-,64,0.0010,20,-,0.00e+00,ReduceLROnPlateau,5,0.5000,min,Yes,5,-,0.0100,Yes,per_class_f1_score,-,-,-,-,config.yaml,Baseline configuration from v1.1 implementation
40,-,iteration_dir,"This iteration corrects a major issue where a fixed threshold of 0.5 was applied to all classes. Instead, we apply per-class optimized thresholds based on F1-score, which allows the model to detect more true positives for imbalanced and low-signal diseases. FocalLoss gamma was increased to 3.5 to increase focus on hard samples, and training length was extended to 60 epochs. Dropout was reduced to 0.2 to reduce underfitting.
",-,FocalLoss,3.50,0.5000,Yes,ModifiedDenseNetWithDropOut,densenet121,0.2000,-,-,-,64,0.0010,60,-,0.00e+00,ReduceLROnPlateau,5,0.5000,min,Yes,5,-,0.0100,Yes,per_class_f1_score,-,-,-,-,config.yaml,"This iteration corrects a major issue where a fixed threshold of 0.5 was applied to all classes. Instead, we apply per-class optimized thresholds based on F1-score, which allows the model to detect more true positives for imbalanced and low-signal diseases. FocalLoss gamma was increased to 3.5 to increase focus on hard samples, and training length was extended to 60 epochs. Dropout was reduced to 0.2 to reduce underfitting.
"
41,-,iteration_dir,"This iteration corrects a major issue where a fixed threshold of 0.5 was applied to all classes. Instead, we apply per-class optimized thresholds based on F1-score, which allows the model to detect more true positives for imbalanced and low-signal diseases. FocalLoss gamma was increased to 3.5 to increase focus on hard samples, and training length was extended to 60 epochs. Dropout was reduced to 0.2 to reduce underfitting.
",-,FocalLoss,2.00,0.5000,Yes,ModifiedDenseNetWithDropOut,densenet121,0.2000,-,-,-,64,0.0010,60,-,0.00e+00,ReduceLROnPlateau,5,0.5000,min,Yes,5,-,0.0100,Yes,per_class_f1_score,-,-,-,-,config.yaml,"This iteration corrects a major issue where a fixed threshold of 0.5 was applied to all classes. Instead, we apply per-class optimized thresholds based on F1-score, which allows the model to detect more true positives for imbalanced and low-signal diseases. FocalLoss gamma was increased to 3.5 to increase focus on hard samples, and training length was extended to 60 epochs. Dropout was reduced to 0.2 to reduce underfitting.
"
42,-,iteration_dir,"This iteration corrects a major issue where a fixed threshold of 0.5 was applied to all classes. Instead, we apply per-class optimized thresholds based on F1-score, which allows the model to detect more true positives for imbalanced and low-signal diseases. FocalLoss gamma was increased to 3.5 to increase focus on hard samples, and training length was extended to 60 epochs. Dropout was reduced to 0.2 to reduce underfitting.
",-,FocalLoss,4.00,0.5000,Yes,ModifiedDenseNetWithDropOut,densenet121,0.2000,-,-,-,64,0.0010,60,-,0.00e+00,ReduceLROnPlateau,5,0.5000,min,Yes,5,-,0.0100,Yes,per_class_f1_score,-,-,-,-,config.yaml,"This iteration corrects a major issue where a fixed threshold of 0.5 was applied to all classes. Instead, we apply per-class optimized thresholds based on F1-score, which allows the model to detect more true positives for imbalanced and low-signal diseases. FocalLoss gamma was increased to 3.5 to increase focus on hard samples, and training length was extended to 60 epochs. Dropout was reduced to 0.2 to reduce underfitting.
"
43,-,iteration_dir,"This iteration corrects a major issue where a fixed threshold of 0.5 was applied to all classes. Instead, we apply per-class optimized thresholds based on F1-score, which allows the model to detect more true positives for imbalanced and low-signal diseases. FocalLoss gamma was increased to 3.5 to increase focus on hard samples, and training length was extended to 60 epochs. Dropout was reduced to 0.2 to reduce underfitting.
",-,FocalLoss,2.50,0.5000,Yes,ModifiedDenseNetWithDropOut,densenet121,0.2000,-,-,-,64,0.0010,60,-,0.00e+00,ReduceLROnPlateau,5,0.5000,min,Yes,5,-,0.0100,Yes,per_class_f1_score,-,-,-,-,config.yaml,"This iteration corrects a major issue where a fixed threshold of 0.5 was applied to all classes. Instead, we apply per-class optimized thresholds based on F1-score, which allows the model to detect more true positives for imbalanced and low-signal diseases. FocalLoss gamma was increased to 3.5 to increase focus on hard samples, and training length was extended to 60 epochs. Dropout was reduced to 0.2 to reduce underfitting.
"
43,-,iteration_dir,"This iteration corrects a major issue where a fixed threshold of 0.5 was applied to all classes. Instead, we apply per-class optimized thresholds based on F1-score, which allows the model to detect more true positives for imbalanced and low-signal diseases. FocalLoss gamma was increased to 3.5 to increase focus on hard samples, and training length was extended to 60 epochs. Dropout was reduced to 0.2 to reduce underfitting.
",-,FocalLoss,2.50,0.5000,Yes,ModifiedDenseNetWithDropOut,densenet121,0.2000,-,-,-,64,0.0010,60,-,0.00e+00,ReduceLROnPlateau,5,0.5000,min,Yes,5,-,0.0100,Yes,per_class_f1_score,-,-,-,-,config.yaml,"This iteration corrects a major issue where a fixed threshold of 0.5 was applied to all classes. Instead, we apply per-class optimized thresholds based on F1-score, which allows the model to detect more true positives for imbalanced and low-signal diseases. FocalLoss gamma was increased to 3.5 to increase focus on hard samples, and training length was extended to 60 epochs. Dropout was reduced to 0.2 to reduce underfitting.
"
45,-,iteration_dir,"This iteration corrects a major issue where a fixed threshold of 0.5 was applied to all classes. Instead, we apply per-class optimized thresholds based on F1-score, which allows the model to detect more true positives for imbalanced and low-signal diseases. FocalLoss gamma was increased to 3.5 to increase focus on hard samples, and training length was extended to 60 epochs. Dropout was reduced to 0.2 to reduce underfitting.
",-,FocalLoss,2.50,0.5000,Yes,ModifiedDenseNetWithDropOut,densenet121,0.2000,-,-,-,64,0.0010,60,-,0.00e+00,ReduceLROnPlateau,5,0.5000,min,Yes,5,-,0.0100,Yes,per_class_f1_score,-,-,-,-,config.yaml,"This iteration corrects a major issue where a fixed threshold of 0.5 was applied to all classes. Instead, we apply per-class optimized thresholds based on F1-score, which allows the model to detect more true positives for imbalanced and low-signal diseases. FocalLoss gamma was increased to 3.5 to increase focus on hard samples, and training length was extended to 60 epochs. Dropout was reduced to 0.2 to reduce underfitting.
"
46,-,iteration_dir,"This iteration corrects a major issue where a fixed threshold of 0.5 was applied to all classes. Instead, we apply per-class optimized thresholds based on F1-score, which allows the model to detect more true positives for imbalanced and low-signal diseases. FocalLoss gamma was increased to 3.5 to increase focus on hard samples, and training length was extended to 60 epochs. Dropout was reduced to 0.2 to reduce underfitting.
",-,FocalLoss,2.50,0.5000,Yes,ModifiedDenseNetWithDropOut,densenet121,0.2000,-,-,-,64,0.0010,60,-,0.00e+00,ReduceLROnPlateau,5,0.5000,min,Yes,5,-,0.0100,Yes,per_class_f1_score,-,-,-,-,config.yaml,"This iteration corrects a major issue where a fixed threshold of 0.5 was applied to all classes. Instead, we apply per-class optimized thresholds based on F1-score, which allows the model to detect more true positives for imbalanced and low-signal diseases. FocalLoss gamma was increased to 3.5 to increase focus on hard samples, and training length was extended to 60 epochs. Dropout was reduced to 0.2 to reduce underfitting.
"
46,-,iteration_dir,"This iteration corrects a major issue where a fixed threshold of 0.5 was applied to all classes. Instead, we apply per-class optimized thresholds based on F1-score, which allows the model to detect more true positives for imbalanced and low-signal diseases. FocalLoss gamma was increased to 3.5 to increase focus on hard samples, and training length was extended to 60 epochs. Dropout was reduced to 0.2 to reduce underfitting.
",-,FocalLoss,2.50,0.5000,Yes,ModifiedDenseNetWithDropOut,densenet121,0.2000,-,-,-,64,0.0010,60,-,0.00e+00,ReduceLROnPlateau,5,0.5000,min,Yes,5,-,0.0100,Yes,per_class_f1_score,-,-,-,-,config.yaml,"This iteration corrects a major issue where a fixed threshold of 0.5 was applied to all classes. Instead, we apply per-class optimized thresholds based on F1-score, which allows the model to detect more true positives for imbalanced and low-signal diseases. FocalLoss gamma was increased to 3.5 to increase focus on hard samples, and training length was extended to 60 epochs. Dropout was reduced to 0.2 to reduce underfitting.
"
48,-,iteration_dir,"This iteration corrects a major issue where a fixed threshold of 0.5 was applied to all classes. Instead, we apply per-class optimized thresholds based on F1-score, which allows the model to detect more true positives for imbalanced and low-signal diseases. FocalLoss gamma was increased to 3.5 to increase focus on hard samples, and training length was extended to 60 epochs. Dropout was reduced to 0.2 to reduce underfitting.
",-,FocalLoss,2.50,0.5000,Yes,ModifiedDenseNetWithDropOut,densenet121,0.2000,-,-,-,64,0.0010,60,-,0.00e+00,ReduceLROnPlateau,5,0.5000,min,Yes,5,-,0.0100,Yes,per_class_f1_score,-,-,-,-,config.yaml,"This iteration corrects a major issue where a fixed threshold of 0.5 was applied to all classes. Instead, we apply per-class optimized thresholds based on F1-score, which allows the model to detect more true positives for imbalanced and low-signal diseases. FocalLoss gamma was increased to 3.5 to increase focus on hard samples, and training length was extended to 60 epochs. Dropout was reduced to 0.2 to reduce underfitting.
"
49,-,iteration_dir,"This iteration corrects a major issue where a fixed threshold of 0.5 was applied to all classes. Instead, we apply per-class optimized thresholds based on F1-score, which allows the model to detect more true positives for imbalanced and low-signal diseases. FocalLoss gamma was increased to 3.5 to increase focus on hard samples, and training length was extended to 60 epochs. Dropout was reduced to 0.2 to reduce underfitting.
",-,FocalLoss,3.50,0.5000,Yes,ModifiedDenseNetWithDropOut,densenet121,0.3000,-,-,-,64,0.0001,60,-,0.00e+00,ReduceLROnPlateau,5,0.5000,min,Yes,5,-,0.0100,Yes,per_class_f1_score,-,-,-,-,config.yaml,"This iteration corrects a major issue where a fixed threshold of 0.5 was applied to all classes. Instead, we apply per-class optimized thresholds based on F1-score, which allows the model to detect more true positives for imbalanced and low-signal diseases. FocalLoss gamma was increased to 3.5 to increase focus on hard samples, and training length was extended to 60 epochs. Dropout was reduced to 0.2 to reduce underfitting.
"
51,-,iteration_dir,Baseline configuration from v1.1 implementation,-,FocalLoss,3.00,0.7500,Yes,ModifiedDenseNetWithDropOut,densenet121,0.3000,-,-,-,64,0.0001,50,-,0.00e+00,ReduceLROnPlateau,5,0.5000,min,Yes,5,-,0.0100,Yes,per_class_f1_score,-,-,-,-,config.yaml,Baseline configuration from v1.1 implementation
51,-,iteration_dir,Baseline configuration from v1.1 implementation,-,FocalLoss,3.00,0.7500,Yes,ModifiedDenseNetWithDropOut,densenet121,0.3000,-,-,-,64,0.0001,50,-,0.00e+00,ReduceLROnPlateau,5,0.5000,min,Yes,5,-,0.0100,Yes,per_class_f1_score,-,-,-,-,config.yaml,Baseline configuration from v1.1 implementation
51,-,iteration_dir,Baseline configuration from v1.1 implementation,-,FocalLoss,3.00,0.7500,Yes,ModifiedDenseNetWithDropOut,densenet121,0.3000,-,-,-,64,0.0001,50,-,0.00e+00,ReduceLROnPlateau,5,0.5000,min,Yes,5,-,0.0100,Yes,per_class_f1_score,-,-,-,-,config.yaml,Baseline configuration from v1.1 implementation
54,-,iteration_dir,Baseline configuration from v1.1 implementation,-,FocalLoss,3.00,0.7500,Yes,ModifiedDenseNetWithDropOut,densenet121,0.3000,-,-,-,64,0.0001,50,-,0.00e+00,ReduceLROnPlateau,5,0.5000,min,Yes,5,-,0.0100,Yes,per_class_f1_score,-,-,-,-,config.yaml,Baseline configuration from v1.1 implementation
55,-,iteration_dir,Baseline configuration from v1.1 implementation,-,FocalLoss,3.00,0.7500,Yes,ModifiedDenseNetWithDropOut,densenet121,0.3000,-,-,-,64,0.0001,50,-,0.00e+00,ReduceLROnPlateau,5,0.5000,min,Yes,5,-,0.0100,Yes,per_class_f1_score,-,-,-,-,config.yaml,Baseline configuration from v1.1 implementation
57,-,iteration_dir,Baseline configuration from v1.1 implementation,-,FocalLoss,3.00,0.7500,Yes,ModifiedDenseNetWithDropOut,densenet121,0.3000,-,-,-,64,0.0005,50,-,0.00e+00,ReduceLROnPlateau,5,0.5000,min,Yes,5,-,0.0100,Yes,per_class_f1_score,-,-,-,-,config.yaml,Baseline configuration from v1.1 implementation
57,-,iteration_dir,Baseline configuration from v1.1 implementation,-,FocalLoss,3.00,0.7500,Yes,ModifiedDenseNetWithDropOut,densenet121,0.3000,-,-,-,64,0.0005,50,-,0.00e+00,ReduceLROnPlateau,5,0.5000,min,Yes,5,-,0.0100,Yes,per_class_f1_score,-,-,-,-,config.yaml,Baseline configuration from v1.1 implementation
57,-,iteration_dir,Baseline configuration from v1.1 implementation,-,FocalLoss,3.00,0.7500,Yes,ModifiedDenseNetWithDropOut,densenet121,0.3000,-,-,-,64,0.0005,50,-,0.00e+00,ReduceLROnPlateau,5,0.5000,min,Yes,5,-,0.0100,Yes,per_class_f1_score,-,-,-,-,config.yaml,Baseline configuration from v1.1 implementation
60,-,iteration_dir,Soften FocalLoss imbalance handling + Fix early_stopping to monitor val_f1 (from iteration 57 AI analysis),-,FocalLoss,2.00,0.7000,No,ModifiedDenseNetWithDropOut,densenet121,0.3000,-,-,-,64,0.0005,50,-,0.00e+00,ReduceLROnPlateau,5,0.5000,min,Yes,10,val_f1,0.0010,Yes,per_class_f1_score,-,-,-,-,config.yaml,Soften FocalLoss imbalance handling + Fix early_stopping to monitor val_f1 (from iteration 57 AI analysis)
61,-,iteration_dir,Soften FocalLoss imbalance handling + Fix early_stopping to monitor val_f1 (from iteration 57 AI analysis),-,FocalLoss,2.00,0.7000,No,ModifiedDenseNetWithDropOut,densenet121,0.3000,-,-,-,64,0.0005,50,-,0.00e+00,ReduceLROnPlateau,5,0.5000,min,Yes,10,val_f1,0.0010,Yes,per_class_f1_score,-,-,-,-,config.yaml,Soften FocalLoss imbalance handling + Fix early_stopping to monitor val_f1 (from iteration 57 AI analysis)
62,-,iteration_dir,Soften FocalLoss imbalance handling + Fix early_stopping to monitor val_f1 (from iteration 57 AI analysis),-,FocalLoss,2.00,0.7000,No,ModifiedDenseNetWithDropOut,densenet121,0.3000,-,-,-,64,0.0005,50,-,0.00e+00,ReduceLROnPlateau,5,0.5000,min,Yes,10,val_f1,0.0010,Yes,per_class_f1_score,-,-,-,-,config.yaml,Soften FocalLoss imbalance handling + Fix early_stopping to monitor val_f1 (from iteration 57 AI analysis)
62,-,iteration_dir,Soften FocalLoss imbalance handling + Fix early_stopping to monitor val_f1 (from iteration 57 AI analysis),-,FocalLoss,2.00,0.7000,No,ModifiedDenseNetWithDropOut,densenet121,0.3000,-,-,-,64,0.0005,50,-,0.00e+00,ReduceLROnPlateau,5,0.5000,min,Yes,10,val_f1,0.0010,Yes,per_class_f1_score,-,-,-,-,config.yaml,Soften FocalLoss imbalance handling + Fix early_stopping to monitor val_f1 (from iteration 57 AI analysis)
64,-,iteration_dir,Soften FocalLoss imbalance handling + Fix early_stopping to monitor val_f1 (from iteration 57 AI analysis),-,FocalLoss,2.00,0.7000,No,ModifiedDenseNetWithDropOut,densenet121,0.5000,-,-,-,64,0.0001,35,-,0.0100,ReduceLROnPlateau,5,0.5000,min,Yes,10,val_f1,0.0010,Yes,per_class_f1_score,-,-,-,-,config.yaml,Soften FocalLoss imbalance handling + Fix early_stopping to monitor val_f1 (from iteration 57 AI analysis)
65,-,iteration_dir,Soften FocalLoss imbalance handling + Fix early_stopping to monitor val_f1 (from iteration 57 AI analysis),-,FocalLoss,2.00,0.7000,Yes,ModifiedDenseNetWithDropOut,densenet121,0.3000,-,-,-,64,0.0005,35,-,0.0001,ReduceLROnPlateau,5,0.5000,min,Yes,10,val_f1,0.0010,Yes,per_class_f1_score,-,-,-,-,config.yaml,Soften FocalLoss imbalance handling + Fix early_stopping to monitor val_f1 (from iteration 57 AI analysis)
65,-,iteration_dir,Soften FocalLoss imbalance handling + Fix early_stopping to monitor val_f1 (from iteration 57 AI analysis),-,FocalLoss,2.00,0.7000,Yes,ModifiedDenseNetWithDropOut,densenet121,0.3000,-,-,-,64,0.0005,35,-,0.0001,ReduceLROnPlateau,5,0.5000,min,Yes,10,val_f1,0.0010,Yes,per_class_f1_score,-,-,-,-,config.yaml,Soften FocalLoss imbalance handling + Fix early_stopping to monitor val_f1 (from iteration 57 AI analysis)
65,-,iteration_dir,Soften FocalLoss imbalance handling + Fix early_stopping to monitor val_f1 (from iteration 57 AI analysis),-,FocalLoss,2.00,0.7000,Yes,ModifiedDenseNetWithDropOut,densenet121,0.3000,-,-,-,64,0.0005,35,-,0.0001,ReduceLROnPlateau,5,0.5000,min,Yes,10,val_f1,0.0010,Yes,per_class_f1_score,-,-,-,-,config.yaml,Soften FocalLoss imbalance handling + Fix early_stopping to monitor val_f1 (from iteration 57 AI analysis)
65,-,iteration_dir,Soften FocalLoss imbalance handling + Fix early_stopping to monitor val_f1 (from iteration 57 AI analysis),-,FocalLoss,2.00,0.7000,Yes,ModifiedDenseNetWithDropOut,densenet121,0.3000,-,-,-,64,0.0005,35,-,0.0001,ReduceLROnPlateau,5,0.5000,min,Yes,10,val_f1,0.0010,Yes,per_class_f1_score,-,-,-,-,config.yaml,Soften FocalLoss imbalance handling + Fix early_stopping to monitor val_f1 (from iteration 57 AI analysis)
65,-,iteration_dir,Soften FocalLoss imbalance handling + Fix early_stopping to monitor val_f1 (from iteration 57 AI analysis),-,FocalLoss,2.00,0.7000,Yes,ModifiedDenseNetWithDropOut,densenet121,0.3000,-,-,-,64,0.0005,35,-,0.0001,ReduceLROnPlateau,5,0.5000,min,Yes,10,val_f1,0.0010,Yes,per_class_f1_score,-,-,-,-,config.yaml,Soften FocalLoss imbalance handling + Fix early_stopping to monitor val_f1 (from iteration 57 AI analysis)
70,-,iteration_dir,Soften FocalLoss imbalance handling + Fix early_stopping to monitor val_f1 (from iteration 57 AI analysis),-,FocalLoss,2.00,0.7000,Yes,ModifiedDenseNetWithDropOut,densenet121,0.3000,-,-,-,64,0.0005,35,-,0.0001,ReduceLROnPlateau,5,0.5000,min,Yes,10,val_f1,0.0010,Yes,per_class_fbeta_score,-,-,-,-,config.yaml,Soften FocalLoss imbalance handling + Fix early_stopping to monitor val_f1 (from iteration 57 AI analysis)
71,-,iteration_dir,Soften FocalLoss imbalance handling + Fix early_stopping to monitor val_f1 (from iteration 57 AI analysis),-,FocalLoss,2.00,0.7000,Yes,ModifiedDenseNetWithDropOut,densenet121,0.3000,-,-,-,64,0.0005,35,-,0.0001,ReduceLROnPlateau,5,0.5000,min,Yes,10,val_f1,0.0010,Yes,per_class_fbeta_score,-,-,-,-,config.yaml,Soften FocalLoss imbalance handling + Fix early_stopping to monitor val_f1 (from iteration 57 AI analysis)
72,-,iteration_dir,Soften FocalLoss imbalance handling + Fix early_stopping to monitor val_f1 (from iteration 57 AI analysis),-,FocalLoss,2.00,0.7000,Yes,ModifiedDenseNetWithDropOut,densenet121,0.3000,-,-,-,64,0.0005,35,-,0.0001,ReduceLROnPlateau,5,0.5000,max,Yes,10,val_f1,0.0010,Yes,per_class_fbeta_score,-,-,-,-,config.yaml,Soften FocalLoss imbalance handling + Fix early_stopping to monitor val_f1 (from iteration 57 AI analysis)
72,-,iteration_dir,Soften FocalLoss imbalance handling + Fix early_stopping to monitor val_f1 (from iteration 57 AI analysis),-,FocalLoss,2.00,0.7000,Yes,ModifiedDenseNetWithDropOut,densenet121,0.3000,-,-,-,64,0.0005,35,-,0.0001,ReduceLROnPlateau,5,0.5000,max,Yes,10,val_f1,0.0010,Yes,per_class_fbeta_score,-,-,-,-,config.yaml,Soften FocalLoss imbalance handling + Fix early_stopping to monitor val_f1 (from iteration 57 AI analysis)
74,-,iteration_dir,Soften FocalLoss imbalance handling + Fix early_stopping to monitor val_f1 (from iteration 57 AI analysis),-,FocalLoss,2.00,0.7000,Yes,ModifiedDenseNetWithDropOut,densenet121,0.3000,-,-,-,64,0.0005,35,-,0.0001,ReduceLROnPlateau,5,0.5000,max,Yes,10,val_f1,0.0010,Yes,per_class_f1_score,-,-,-,-,config.yaml,Soften FocalLoss imbalance handling + Fix early_stopping to monitor val_f1 (from iteration 57 AI analysis)
75,-,iteration_dir,Soften FocalLoss imbalance handling + Fix early_stopping to monitor val_f1 (from iteration 57 AI analysis),-,FocalLoss,2.00,-,No,ModifiedDenseNetWithDropOut,densenet121,0.3000,-,-,-,64,0.0005,35,-,0.0001,ReduceLROnPlateau,5,0.5000,max,Yes,10,val_f1,0.0010,Yes,per_class_f1_score,-,-,-,-,config.yaml,Soften FocalLoss imbalance handling + Fix early_stopping to monitor val_f1 (from iteration 57 AI analysis)
75,-,iteration_dir,Soften FocalLoss imbalance handling + Fix early_stopping to monitor val_f1 (from iteration 57 AI analysis),-,FocalLoss,2.00,-,No,ModifiedDenseNetWithDropOut,densenet121,0.3000,-,-,-,64,0.0005,35,-,0.0001,ReduceLROnPlateau,5,0.5000,max,Yes,10,val_f1,0.0010,Yes,per_class_f1_score,-,-,-,-,config.yaml,Soften FocalLoss imbalance handling + Fix early_stopping to monitor val_f1 (from iteration 57 AI analysis)
77,-,iteration_dir,Soften FocalLoss imbalance handling + Fix early_stopping to monitor val_f1 (from iteration 57 AI analysis),-,FocalLoss,2.00,-,No,ModifiedDenseNetWithDropOut,densenet121,0.3000,-,-,-,64,0.0005,35,-,0.0001,ReduceLROnPlateau,5,0.5000,max,Yes,10,val_f1,0.0010,Yes,per_class_fbeta_score,-,-,-,-,config.yaml,Soften FocalLoss imbalance handling + Fix early_stopping to monitor val_f1 (from iteration 57 AI analysis)
78,-,iteration_dir,Soften FocalLoss imbalance handling + Fix early_stopping to monitor val_f1 (from iteration 57 AI analysis),-,FocalLoss,1.50,-,No,ModifiedDenseNetWithDropOut,densenet121,0.3000,-,-,-,64,0.0005,35,-,0.0001,ReduceLROnPlateau,5,0.5000,max,Yes,10,val_f1,0.0010,Yes,per_class_fbeta_score,-,-,-,-,config.yaml,Soften FocalLoss imbalance handling + Fix early_stopping to monitor val_f1 (from iteration 57 AI analysis)
78,-,iteration_dir,Soften FocalLoss imbalance handling + Fix early_stopping to monitor val_f1 (from iteration 57 AI analysis),-,FocalLoss,1.50,-,No,ModifiedDenseNetWithDropOut,densenet121,0.3000,-,-,-,64,0.0005,35,-,0.0001,ReduceLROnPlateau,5,0.5000,max,Yes,10,val_f1,0.0010,Yes,per_class_fbeta_score,-,-,-,-,config.yaml,Soften FocalLoss imbalance handling + Fix early_stopping to monitor val_f1 (from iteration 57 AI analysis)
80,PHASE_1_REPRODUCE,iteration_dir,PHASE 1: Exact reproduction of iteration 12 (FROZEN CONFIG),-,FocalLoss,3.00,0.7500,Yes,ModifiedDenseNetWithDropOut,densenet121,0.3000,-,-,-,64,0.0005,50,-,0.00e+00,ReduceLROnPlateau,5,0.5000,min,Yes,5,-,0.0100,Yes,per_class_f1_score,-,-,-,-,config.yaml,PHASE 1: Exact reproduction of iteration 12 (FROZEN CONFIG)
81,PHASE_1_REPRODUCE,iteration_dir,PHASE 1: Exact reproduction of iteration 12 (FROZEN CONFIG),-,FocalLoss,3.00,0.7500,Yes,ModifiedDenseNetWithDropOut,densenet121,0.3000,-,-,-,64,0.0005,50,-,0.00e+00,ReduceLROnPlateau,5,0.5000,min,Yes,5,-,0.0100,Yes,per_class_f1_score,-,-,-,-,config.yaml,PHASE 1: Exact reproduction of iteration 12 (FROZEN CONFIG)
82,PHASE_1_REPRODUCE,standalone,PHASE 1: Exact reproduction of iteration 12 (FROZEN CONFIG),-,FocalLoss,3.00,0.7500,Yes,ModifiedDenseNetWithDropOut,densenet121,0.3000,-,-,-,64,0.0005,50,-,0.00e+00,ReduceLROnPlateau,5,0.5000,min,No,-,-,-,No,No,-,-,-,-,config_iteration_082.yaml,PHASE 1: Exact reproduction of iteration 12 (FROZEN CONFIG)
83,PHASE_1_REPRODUCE,iteration_dir,PHASE 1: Exact reproduction of iteration 12 (FROZEN CONFIG),-,FocalLoss,3.00,0.7500,Yes,ModifiedDenseNetWithDropOut,densenet121,0.3000,-,-,-,64,0.0005,50,-,0.00e+00,ReduceLROnPlateau,5,0.5000,min,Yes,5,-,0.0100,Yes,per_class_f1_score,-,-,-,-,config.yaml,PHASE 1: Exact reproduction of iteration 12 (FROZEN CONFIG)
84,PHASE_1_REPRODUCE,iteration_dir,PHASE 1: Exact reproduction of iteration 12 (FROZEN CONFIG),-,FocalLoss,3.00,0.7500,Yes,ModifiedDenseNetWithDropOut,densenet121,0.3000,-,-,-,64,0.0005,50,-,0.00e+00,ReduceLROnPlateau,5,0.5000,min,Yes,5,-,0.0100,Yes,per_class_f1_score,-,-,-,-,config.yaml,PHASE 1: Exact reproduction of iteration 12 (FROZEN CONFIG)
85,PHASE_5_AUC_IMPROVEMENT,iteration_dir,"PHASE 5: Class-specific AUC improvement (targets: Pneumonia, Fibrosis, Edema)",84,FocalLoss,3.00,0.7500,Yes,ModifiedDenseNetWithDropOut,densenet121,0.3000,-,-,-,64,0.0005,50,-,0.00e+00,ReduceLROnPlateau,5,0.5000,min,Yes,5,-,0.0100,Yes,per_class_f1_score,Yes,hard_negative_emphasis,-,-,config.yaml,"PHASE 5: Class-specific AUC improvement (targets: Pneumonia, Fibrosis, Edema)"
86,PHASE_5_AUC_IMPROVEMENT,iteration_dir,"PHASE 5: Class-specific AUC improvement (targets: Pneumonia, Fibrosis, Edema)",84,FocalLoss,3.00,0.7500,Yes,ModifiedDenseNetWithDropOut,densenet121,0.3000,-,-,-,64,0.0005,50,-,0.00e+00,ReduceLROnPlateau,5,0.5000,min,Yes,5,-,0.0100,Yes,per_class_f1_score,Yes,hard_negative_emphasis,-,-,config.yaml,"PHASE 5: Class-specific AUC improvement (targets: Pneumonia, Fibrosis, Edema)"
87,HEAD_UPGRADE,iteration_dir,"HEAD_UPGRADE - MLP head with frozen Iteration 12 backbone, neutral BCE loss",12,BCE,-,-,No,ModifiedDenseNetWithDropOut,densenet121,0.3000,mlp,512,0.2000,64,0.0001,15,Yes,0.0001,ReduceLROnPlateau,3,0.5000,max,Yes,5,val_macro_auc,0.0010,No,per_class_f1_score,No,-,-,-,config.yaml,"HEAD_UPGRADE - MLP head with frozen Iteration 12 backbone, neutral BCE loss"
87,HEAD_UPGRADE,iteration_dir,"HEAD_UPGRADE - MLP head with frozen Iteration 12 backbone, neutral BCE loss",12,BCE,-,-,No,ModifiedDenseNetWithDropOut,densenet121,0.3000,mlp,512,0.2000,64,0.0001,15,Yes,0.0001,ReduceLROnPlateau,3,0.5000,max,Yes,5,val_macro_auc,0.0010,No,per_class_f1_score,No,-,-,-,config.yaml,"HEAD_UPGRADE - MLP head with frozen Iteration 12 backbone, neutral BCE loss"
89,HEAD_UPGRADE,iteration_dir,"HEAD_UPGRADE - MLP head with frozen Iteration 12 backbone, neutral BCE loss",12,BCE,-,-,No,ModifiedDenseNetWithDropOut,densenet121,0.3000,mlp,512,0.2000,64,0.0001,50,Yes,0.0001,ReduceLROnPlateau,3,0.5000,max,Yes,5,val_macro_auc,0.0010,No,per_class_f1_score,No,-,-,-,config.yaml,"HEAD_UPGRADE - MLP head with frozen Iteration 12 backbone, neutral BCE loss"
89,HEAD_UPGRADE,iteration_dir,"HEAD_UPGRADE - MLP head with frozen Iteration 12 backbone, neutral BCE loss",12,BCE,-,-,No,ModifiedDenseNetWithDropOut,densenet121,0.3000,mlp,512,0.2000,64,0.0001,50,Yes,0.0001,ReduceLROnPlateau,3,0.5000,max,Yes,5,val_macro_auc,0.0010,No,per_class_f1_score,No,-,-,-,config.yaml,"HEAD_UPGRADE - MLP head with frozen Iteration 12 backbone, neutral BCE loss"
91,HEAD_UPGRADE,iteration_dir,PROBE - Wider MLP head (1024) vs anchor (512),89,BCE,-,-,No,ModifiedDenseNetWithDropOut,densenet121,0.3000,mlp,1024,0.2000,64,0.0001,50,Yes,0.0001,ReduceLROnPlateau,3,0.5000,max,Yes,5,val_macro_auc,0.0010,No,per_class_f1_score,No,-,-,-,config.yaml,PROBE - Wider MLP head (1024) vs anchor (512)
91,HEAD_UPGRADE,iteration_dir,PROBE - Wider MLP head (1024) vs anchor (512),89,BCE,-,-,No,ModifiedDenseNetWithDropOut,densenet121,0.3000,mlp,1024,0.2000,64,0.0001,50,Yes,0.0001,ReduceLROnPlateau,3,0.5000,max,Yes,5,val_macro_auc,0.0010,No,per_class_f1_score,No,-,-,-,config.yaml,PROBE - Wider MLP head (1024) vs anchor (512)
91,HEAD_UPGRADE,iteration_dir,PROBE - Wider MLP head (1024) vs anchor (512),89,BCE,-,-,No,ModifiedDenseNetWithDropOut,densenet121,0.3000,mlp,1024,0.2000,64,0.0001,50,Yes,0.0001,ReduceLROnPlateau,3,0.5000,max,Yes,5,val_macro_auc,0.0010,No,per_class_f1_score,No,-,-,-,config.yaml,PROBE - Wider MLP head (1024) vs anchor (512)
91,HEAD_UPGRADE,iteration_dir,PROBE - Wider MLP head (1024) vs anchor (512),89,BCE,-,-,No,ModifiedDenseNetWithDropOut,densenet121,0.3000,mlp,1024,0.2000,64,0.0001,50,Yes,0.0001,ReduceLROnPlateau,3,0.5000,max,Yes,5,val_macro_auc,0.0010,No,per_class_f1_score,No,-,-,-,config.yaml,PROBE - Wider MLP head (1024) vs anchor (512)
95,SMOTE_HEAD,iteration_dir,"SMOTE_HEAD - Feature-space SMOTE for Hernia, ratio=4x",91,BCE,-,-,No,ModifiedDenseNetWithDropOut,densenet121,0.3000,mlp,1024,0.2000,64,0.0001,50,Yes,0.0001,ReduceLROnPlateau,3,0.5000,max,Yes,5,val_macro_auc,0.0010,No,per_class_f1_score,No,-,-,-,config.yaml,"SMOTE_HEAD - Feature-space SMOTE for Hernia, ratio=4x"
95,SMOTE_HEAD,iteration_dir,"SMOTE_HEAD - Feature-space SMOTE for Hernia, ratio=4x",91,BCE,-,-,No,ModifiedDenseNetWithDropOut,densenet121,0.3000,mlp,1024,0.2000,64,0.0001,50,Yes,0.0001,ReduceLROnPlateau,3,0.5000,max,Yes,5,val_macro_auc,0.0010,No,per_class_f1_score,No,-,-,-,config.yaml,"SMOTE_HEAD - Feature-space SMOTE for Hernia, ratio=4x"
95,SMOTE_HEAD,iteration_dir,"SMOTE_HEAD - Feature-space SMOTE for Hernia, ratio=4x",91,BCE,-,-,No,ModifiedDenseNetWithDropOut,densenet121,0.3000,mlp,1024,0.2000,64,0.0001,50,Yes,0.0001,ReduceLROnPlateau,3,0.5000,max,Yes,5,val_macro_auc,0.0010,No,per_class_f1_score,No,-,-,-,config.yaml,"SMOTE_HEAD - Feature-space SMOTE for Hernia, ratio=4x"
95,SMOTE_HEAD,iteration_dir,"SMOTE_HEAD - Feature-space SMOTE for Hernia, ratio=4x",91,BCE,-,-,No,ModifiedDenseNetWithDropOut,densenet121,0.3000,mlp,1024,0.2000,64,0.0001,50,Yes,0.0001,ReduceLROnPlateau,3,0.5000,max,Yes,5,val_macro_auc,0.0010,No,per_class_f1_score,No,-,-,-,config.yaml,"SMOTE_HEAD - Feature-space SMOTE for Hernia, ratio=4x"
95,SMOTE_HEAD,iteration_dir,"SMOTE_HEAD - Feature-space SMOTE for Hernia, ratio=4x",91,BCE,-,-,No,ModifiedDenseNetWithDropOut,densenet121,0.3000,mlp,1024,0.2000,64,0.0001,50,Yes,0.0001,ReduceLROnPlateau,3,0.5000,max,Yes,5,val_macro_auc,0.0010,No,per_class_f1_score,No,-,-,-,config.yaml,"SMOTE_HEAD - Feature-space SMOTE for Hernia, ratio=4x"
95,SMOTE_HEAD,iteration_dir,"SMOTE_HEAD - Feature-space SMOTE for Hernia, ratio=4x",91,BCE,-,-,No,ModifiedDenseNetWithDropOut,densenet121,0.3000,mlp,1024,0.2000,64,0.0001,50,Yes,0.0001,ReduceLROnPlateau,3,0.5000,max,Yes,5,val_macro_auc,0.0010,No,per_class_f1_score,No,-,-,-,config.yaml,"SMOTE_HEAD - Feature-space SMOTE for Hernia, ratio=4x"
95,SMOTE_HEAD,iteration_dir,"SMOTE_HEAD - Feature-space SMOTE for Hernia, ratio=4x",91,BCE,-,-,No,ModifiedDenseNetWithDropOut,densenet121,0.3000,mlp,1024,0.2000,64,0.0001,50,Yes,0.0001,ReduceLROnPlateau,3,0.5000,max,Yes,5,val_macro_auc,0.0010,No,per_class_f1_score,No,-,-,-,config.yaml,"SMOTE_HEAD - Feature-space SMOTE for Hernia, ratio=4x"
95,SMOTE_HEAD,iteration_dir,"SMOTE_HEAD - Feature-space SMOTE for Hernia, ratio=4x",91,BCE,-,-,No,ModifiedDenseNetWithDropOut,densenet121,0.3000,mlp,1024,0.2000,64,0.0001,50,Yes,0.0001,ReduceLROnPlateau,3,0.5000,max,Yes,5,val_macro_auc,0.0010,No,per_class_f1_score,No,-,-,-,config.yaml,"SMOTE_HEAD - Feature-space SMOTE for Hernia, ratio=4x"
95,SMOTE_HEAD,iteration_dir,"SMOTE_HEAD - Feature-space SMOTE for Hernia, ratio=4x",91,BCE,-,-,No,ModifiedDenseNetWithDropOut,densenet121,0.3000,mlp,1024,0.2000,64,0.0001,50,Yes,0.0001,ReduceLROnPlateau,3,0.5000,max,Yes,5,val_macro_auc,0.0010,No,per_class_f1_score,No,-,-,-,config.yaml,"SMOTE_HEAD - Feature-space SMOTE for Hernia, ratio=4x"
95,SMOTE_HEAD,iteration_dir,"SMOTE_HEAD - Feature-space SMOTE for Hernia, ratio=4x",91,BCE,-,-,No,ModifiedDenseNetWithDropOut,densenet121,0.3000,mlp,1024,0.2000,64,0.0001,50,Yes,0.0001,ReduceLROnPlateau,3,0.5000,max,Yes,5,val_macro_auc,0.0010,No,per_class_f1_score,No,-,-,-,config.yaml,"SMOTE_HEAD - Feature-space SMOTE for Hernia, ratio=4x"
95,SMOTE_HEAD,iteration_dir,"SMOTE_HEAD - Feature-space SMOTE for Hernia, ratio=4x",91,BCE,-,-,No,ModifiedDenseNetWithDropOut,densenet121,0.3000,mlp,1024,0.2000,64,0.0001,50,Yes,0.0001,ReduceLROnPlateau,3,0.5000,max,Yes,5,val_macro_auc,0.0010,No,per_class_f1_score,No,-,-,-,config.yaml,"SMOTE_HEAD - Feature-space SMOTE for Hernia, ratio=4x"
95,SMOTE_HEAD,iteration_dir,"SMOTE_HEAD - Feature-space SMOTE for Hernia, ratio=4x",91,BCE,-,-,No,ModifiedDenseNetWithDropOut,densenet121,0.3000,mlp,1024,0.2000,64,0.0001,50,Yes,0.0001,ReduceLROnPlateau,3,0.5000,max,Yes,5,val_macro_auc,0.0010,No,per_class_f1_score,No,-,-,-,config.yaml,"SMOTE_HEAD - Feature-space SMOTE for Hernia, ratio=4x"
95,SMOTE_HEAD,iteration_dir,"SMOTE_HEAD - Feature-space SMOTE for Hernia, ratio=4x",91,BCE,-,-,No,ModifiedDenseNetWithDropOut,densenet121,0.3000,mlp,1024,0.2000,64,0.0001,50,Yes,0.0001,ReduceLROnPlateau,3,0.5000,max,Yes,5,val_macro_auc,0.0010,No,per_class_f1_score,No,-,-,-,config.yaml,"SMOTE_HEAD - Feature-space SMOTE for Hernia, ratio=4x"
95,SMOTE_HEAD,iteration_dir,"SMOTE_HEAD - Feature-space SMOTE for Hernia, ratio=4x",91,BCE,-,-,No,ModifiedDenseNetWithDropOut,densenet121,0.3000,mlp,1024,0.2000,64,0.0001,50,Yes,0.0001,ReduceLROnPlateau,3,0.5000,max,Yes,5,val_macro_auc,0.0010,No,per_class_f1_score,No,-,-,-,config.yaml,"SMOTE_HEAD - Feature-space SMOTE for Hernia, ratio=4x"
95,SMOTE_HEAD,iteration_dir,"SMOTE_HEAD - Feature-space SMOTE for Hernia, ratio=4x",91,BCE,-,-,No,ModifiedDenseNetWithDropOut,densenet121,0.3000,mlp,1024,0.2000,64,0.0001,50,Yes,0.0001,ReduceLROnPlateau,3,0.5000,max,Yes,5,val_macro_auc,0.0010,No,per_class_f1_score,No,-,-,-,config.yaml,"SMOTE_HEAD - Feature-space SMOTE for Hernia, ratio=4x"
95,SMOTE_HEAD,iteration_dir,"SMOTE_HEAD - Feature-space SMOTE for Hernia, ratio=4x",91,BCE,-,-,No,ModifiedDenseNetWithDropOut,densenet121,0.3000,mlp,1024,0.2000,64,0.0001,50,Yes,0.0001,ReduceLROnPlateau,3,0.5000,max,Yes,5,val_macro_auc,0.0010,No,per_class_f1_score,No,-,-,-,config.yaml,"SMOTE_HEAD - Feature-space SMOTE for Hernia, ratio=4x"
111,SMOTE_HEAD,iteration_dir,"SMOTE_HEAD - Feature-space SMOTE for Hernia, ratio=8x (final probe)",91,BCE,-,-,No,ModifiedDenseNetWithDropOut,densenet121,0.3000,mlp,1024,0.2000,64,0.0001,50,Yes,0.0001,ReduceLROnPlateau,3,0.5000,max,Yes,5,val_macro_auc,0.0010,No,per_class_f1_score,No,-,-,-,config.yaml,"SMOTE_HEAD - Feature-space SMOTE for Hernia, ratio=8x (final probe)"
111,SMOTE_HEAD,iteration_dir,"SMOTE_HEAD - Feature-space SMOTE for Hernia, ratio=8x (final probe)",91,BCE,-,-,No,ModifiedDenseNetWithDropOut,densenet121,0.3000,mlp,1024,0.2000,64,0.0001,50,Yes,0.0001,ReduceLROnPlateau,3,0.5000,max,Yes,5,val_macro_auc,0.0010,No,per_class_f1_score,No,-,-,-,config.yaml,"SMOTE_HEAD - Feature-space SMOTE for Hernia, ratio=8x (final probe)"
112,SMOTE_HEAD,iteration_dir,SMOTE_HEAD - Multi-layer MLP head (1024->256) for Hernia,91,BCE,-,-,No,ModifiedDenseNetWithDropOut,densenet121,0.3000,mlp,-,0.2000,64,0.0001,50,Yes,0.0001,ReduceLROnPlateau,3,0.5000,max,Yes,5,val_macro_auc,0.0010,No,per_class_f1_score,No,-,-,-,config.yaml,SMOTE_HEAD - Multi-layer MLP head (1024->256) for Hernia
112,SMOTE_HEAD,iteration_dir,SMOTE_HEAD - Multi-layer MLP head (1024->256) for Hernia,91,BCE,-,-,No,ModifiedDenseNetWithDropOut,densenet121,0.3000,mlp,-,0.2000,64,0.0001,50,Yes,0.0001,ReduceLROnPlateau,3,0.5000,max,Yes,5,val_macro_auc,0.0010,No,per_class_f1_score,No,-,-,-,config.yaml,SMOTE_HEAD - Multi-layer MLP head (1024->256) for Hernia
112,SMOTE_HEAD,iteration_dir,SMOTE_HEAD - Multi-layer MLP head (1024->256) for Hernia,91,BCE,-,-,No,ModifiedDenseNetWithDropOut,densenet121,0.3000,mlp,-,0.2000,64,0.0001,50,Yes,0.0001,ReduceLROnPlateau,3,0.5000,max,Yes,5,val_macro_auc,0.0010,No,per_class_f1_score,No,-,-,-,config.yaml,SMOTE_HEAD - Multi-layer MLP head (1024->256) for Hernia
112,SMOTE_HEAD,iteration_dir,SMOTE_HEAD - Multi-layer MLP head (1024->256) for Hernia,91,BCE,-,-,No,ModifiedDenseNetWithDropOut,densenet121,0.3000,mlp,-,0.2000,64,0.0001,50,Yes,0.0001,ReduceLROnPlateau,3,0.5000,max,Yes,5,val_macro_auc,0.0010,No,per_class_f1_score,No,-,-,-,config.yaml,SMOTE_HEAD - Multi-layer MLP head (1024->256) for Hernia
112,SMOTE_HEAD,iteration_dir,SMOTE_HEAD - Multi-layer MLP head (1024->256) for Hernia,91,BCE,-,-,No,ModifiedDenseNetWithDropOut,densenet121,0.3000,mlp,-,0.2000,64,0.0001,50,Yes,0.0001,ReduceLROnPlateau,3,0.5000,max,Yes,5,val_macro_auc,0.0010,No,per_class_f1_score,No,-,-,-,config.yaml,SMOTE_HEAD - Multi-layer MLP head (1024->256) for Hernia
112,SMOTE_HEAD,iteration_dir,SMOTE_HEAD - Multi-layer MLP head (1024->256) for Hernia,91,BCE,-,-,No,ModifiedDenseNetWithDropOut,densenet121,0.3000,mlp,-,0.2000,64,0.0001,50,Yes,0.0001,ReduceLROnPlateau,3,0.5000,max,Yes,5,val_macro_auc,0.0010,No,per_class_f1_score,No,-,-,-,config.yaml,SMOTE_HEAD - Multi-layer MLP head (1024->256) for Hernia
112,SMOTE_HEAD,iteration_dir,SMOTE_HEAD - Multi-layer MLP head (1024->256) for Hernia,91,BCE,-,-,No,ModifiedDenseNetWithDropOut,densenet121,0.3000,mlp,-,0.2000,64,0.0001,50,Yes,0.0001,ReduceLROnPlateau,3,0.5000,max,Yes,5,val_macro_auc,0.0010,No,per_class_f1_score,No,-,-,-,config.yaml,SMOTE_HEAD - Multi-layer MLP head (1024->256) for Hernia
112,SMOTE_HEAD,iteration_dir,SMOTE_HEAD - Multi-layer MLP head (1024->256) for Hernia,91,BCE,-,-,No,ModifiedDenseNetWithDropOut,densenet121,0.3000,mlp,-,0.2000,64,0.0001,50,Yes,0.0001,ReduceLROnPlateau,3,0.5000,max,Yes,5,val_macro_auc,0.0010,No,per_class_f1_score,No,-,-,-,config.yaml,SMOTE_HEAD - Multi-layer MLP head (1024->256) for Hernia
121,REPRESENTATION_FINETUNE,iteration_dir,REPRESENTATION_FINETUNE - Partial backbone fine-tuning for Hernia separability,89,BCE,-,-,No,ModifiedDenseNetWithDropOut,densenet121,0.3000,mlp,-,0.2000,64,1.00e-05,5,No,0.0001,ReduceLROnPlateau,3,0.5000,max,Yes,5,val_macro_auc,0.0010,No,per_class_f1_score,No,-,-,-,config.yaml,REPRESENTATION_FINETUNE - Partial backbone fine-tuning for Hernia separability
122,HERNIA_OVERSAMPLE,iteration_dir,HERNIA_OVERSAMPLE - Label-aware oversampling and augmentation experiment,89,BCE,-,-,No,ModifiedDenseNetWithDropOut,densenet121,0.3000,mlp,-,0.2000,64,0.0001,10,Yes,0.0001,ReduceLROnPlateau,3,0.5000,max,Yes,5,val_macro_auc,0.0010,No,per_class_f1_score,No,-,Yes,10,config.yaml,HERNIA_OVERSAMPLE - Label-aware oversampling and augmentation experiment
123,PHASE_5_AUC_IMPROVEMENT,iteration_dir,"PHASE 5: Class-specific AUC improvement (targets: Pneumonia, Fibrosis, Edema)",84,FocalLoss,3.00,0.7500,Yes,ModifiedDenseNetWithDropOut,densenet121,0.3000,-,-,-,64,0.0005,50,-,0.00e+00,ReduceLROnPlateau,5,0.5000,min,Yes,5,-,0.0100,Yes,per_class_f1_score,Yes,hard_negative_emphasis,-,-,config.yaml,"PHASE 5: Class-specific AUC improvement (targets: Pneumonia, Fibrosis, Edema)"
124,PHASE_5_AUC_IMPROVEMENT,iteration_dir,"PHASE 5: Class-specific AUC improvement (targets: Pneumonia, Fibrosis, Edema)",84,FocalLoss,3.00,0.7500,Yes,ModifiedDenseNetWithDropOut,densenet121,0.3000,-,-,-,64,0.0005,50,-,0.00e+00,ReduceLROnPlateau,5,0.5000,min,Yes,5,-,0.0100,Yes,per_class_f1_score,Yes,hard_negative_emphasis,-,-,config.yaml,"PHASE 5: Class-specific AUC improvement (targets: Pneumonia, Fibrosis, Edema)"
125,PHASE_5_AUC_IMPROVEMENT,iteration_dir,"PHASE 5: Class-specific AUC improvement (targets: Pneumonia, Fibrosis, Edema)",84,FocalLoss,3.00,0.7500,Yes,ModifiedDenseNetWithDropOut,densenet121,0.3000,-,-,-,64,0.0005,50,-,0.00e+00,ReduceLROnPlateau,5,0.5000,min,Yes,5,-,0.0100,Yes,per_class_f1_score,Yes,hard_negative_emphasis,-,-,config.yaml,"PHASE 5: Class-specific AUC improvement (targets: Pneumonia, Fibrosis, Edema)"
126,HERNIA_THRESHOLD_STABILIZATION,iteration_dir,HERNIA_THRESHOLD_STABILIZATION - Constrained threshold optimization,122,BCE,-,-,No,ModifiedDenseNetWithDropOut,densenet121,0.3000,mlp,-,0.2000,64,0.0001,10,Yes,0.0001,ReduceLROnPlateau,3,0.5000,max,Yes,5,val_macro_auc,0.0010,No,per_class_f1_score,No,-,Yes,10,config.yaml,HERNIA_THRESHOLD_STABILIZATION - Constrained threshold optimization
126,HERNIA_THRESHOLD_STABILIZATION,iteration_dir,HERNIA_THRESHOLD_STABILIZATION - Constrained threshold optimization,122,BCE,-,-,No,ModifiedDenseNetWithDropOut,densenet121,0.3000,mlp,-,0.2000,64,0.0001,10,Yes,0.0001,ReduceLROnPlateau,3,0.5000,max,Yes,5,val_macro_auc,0.0010,No,per_class_f1_score,No,-,Yes,10,config.yaml,HERNIA_THRESHOLD_STABILIZATION - Constrained threshold optimization
126,HERNIA_THRESHOLD_STABILIZATION,iteration_dir,HERNIA_THRESHOLD_STABILIZATION - Constrained threshold optimization,122,BCE,-,-,No,ModifiedDenseNetWithDropOut,densenet121,0.3000,mlp,-,0.2000,64,0.0001,10,Yes,0.0001,ReduceLROnPlateau,3,0.5000,max,Yes,5,val_macro_auc,0.0010,No,per_class_f1_score,No,-,Yes,10,config.yaml,HERNIA_THRESHOLD_STABILIZATION - Constrained threshold optimization
126,HERNIA_THRESHOLD_STABILIZATION,iteration_dir,HERNIA_THRESHOLD_STABILIZATION - Constrained threshold optimization,122,BCE,-,-,No,ModifiedDenseNetWithDropOut,densenet121,0.3000,mlp,-,0.2000,64,0.0001,10,Yes,0.0001,ReduceLROnPlateau,3,0.5000,max,Yes,5,val_macro_auc,0.0010,No,per_class_f1_score,No,-,Yes,10,config.yaml,HERNIA_THRESHOLD_STABILIZATION - Constrained threshold optimization
126,HERNIA_THRESHOLD_STABILIZATION,iteration_dir,HERNIA_THRESHOLD_STABILIZATION - Constrained threshold optimization,122,BCE,-,-,No,ModifiedDenseNetWithDropOut,densenet121,0.3000,mlp,-,0.2000,64,0.0001,10,Yes,0.0001,ReduceLROnPlateau,3,0.5000,max,Yes,5,val_macro_auc,0.0010,No,per_class_f1_score,No,-,Yes,10,config.yaml,HERNIA_THRESHOLD_STABILIZATION - Constrained threshold optimization
126,HERNIA_THRESHOLD_STABILIZATION,iteration_dir,HERNIA_THRESHOLD_STABILIZATION - Constrained threshold optimization,122,BCE,-,-,No,ModifiedDenseNetWithDropOut,densenet121,0.3000,mlp,-,0.2000,64,0.0001,10,Yes,0.0001,ReduceLROnPlateau,3,0.5000,max,Yes,5,val_macro_auc,0.0010,No,per_class_f1_score,No,-,Yes,10,config.yaml,HERNIA_THRESHOLD_STABILIZATION - Constrained threshold optimization
127,HERNIA_THRESHOLD_STABILIZATION,iteration_dir,HERNIA_THRESHOLD_STABILIZATION - Constrained threshold optimization,126,BCE,-,-,No,ModifiedDenseNetWithDropOut,densenet121,0.3000,mlp,-,0.2000,64,0.0001,10,Yes,0.0001,ReduceLROnPlateau,3,0.5000,max,Yes,5,val_macro_auc,0.0010,No,per_class_f1_score,No,-,Yes,10,config.yaml,HERNIA_THRESHOLD_STABILIZATION - Constrained threshold optimization
128,HERNIA_THRESHOLD_STABILIZATION,iteration_dir,HERNIA_THRESHOLD_STABILIZATION - Constrained threshold optimization,127,BCE,-,-,No,ModifiedDenseNetWithDropOut,densenet121,0.3000,mlp,-,0.2000,64,0.0001,10,Yes,0.0001,ReduceLROnPlateau,3,0.5000,max,Yes,5,val_macro_auc,0.0010,No,per_class_f1_score,No,-,Yes,10,config.yaml,HERNIA_THRESHOLD_STABILIZATION - Constrained threshold optimization
129,HERNIA_THRESHOLD_STABILIZATION,iteration_dir,HERNIA_THRESHOLD_STABILIZATION - Constrained threshold optimization,128,BCE,-,-,No,ModifiedDenseNetWithDropOut,densenet121,0.3000,mlp,-,0.2000,64,0.0001,10,Yes,0.0001,ReduceLROnPlateau,3,0.5000,max,Yes,5,val_macro_auc,0.0010,No,per_class_f1_score,No,-,Yes,10,config.yaml,HERNIA_THRESHOLD_STABILIZATION - Constrained threshold optimization
130,HERNIA_THRESHOLD_STABILIZATION,iteration_dir,HERNIA_THRESHOLD_STABILIZATION - Constrained threshold optimization,129,BCE,-,-,No,ModifiedDenseNetWithDropOut,densenet121,0.3000,mlp,-,0.2000,64,0.0001,10,Yes,0.0001,ReduceLROnPlateau,3,0.5000,max,Yes,5,val_macro_auc,0.0010,No,per_class_f1_score,No,-,Yes,10,config.yaml,HERNIA_THRESHOLD_STABILIZATION - Constrained threshold optimization
131,HERNIA_THRESHOLD_STABILIZATION,iteration_dir,HERNIA_THRESHOLD_STABILIZATION - Constrained threshold optimization,130,BCE,-,-,No,ModifiedDenseNetWithDropOut,densenet121,0.3000,mlp,-,0.2000,64,0.0001,10,Yes,0.0001,ReduceLROnPlateau,3,0.5000,max,Yes,5,val_macro_auc,0.0010,No,per_class_f1_score,No,-,Yes,10,config.yaml,HERNIA_THRESHOLD_STABILIZATION - Constrained threshold optimization
132,PHASE_5_AUC_IMPROVEMENT,iteration_dir,"PHASE 5: Class-specific AUC improvement (targets: Pneumonia, Fibrosis, Edema)",84,FocalLoss,3.00,0.7500,Yes,ModifiedDenseNetWithDropOut,densenet121,0.3000,-,-,-,64,0.0005,50,-,0.00e+00,ReduceLROnPlateau,5,0.5000,min,Yes,5,-,0.0100,Yes,per_class_f1_score,Yes,hard_negative_emphasis,-,-,config.yaml,"PHASE 5: Class-specific AUC improvement (targets: Pneumonia, Fibrosis, Edema)"
133,PHASE_5_AUC_IMPROVEMENT,iteration_dir,"PHASE 5: Class-specific AUC improvement (targets: Pneumonia, Fibrosis, Edema)",84,FocalLoss,3.00,0.7500,Yes,ModifiedDenseNetWithDropOut,densenet121,0.3000,-,-,-,64,0.0005,50,-,0.00e+00,ReduceLROnPlateau,5,0.5000,min,Yes,5,-,0.0100,Yes,per_class_f1_score,Yes,hard_negative_emphasis,-,-,config.yaml,"PHASE 5: Class-specific AUC improvement (targets: Pneumonia, Fibrosis, Edema)"
134,PHASE_5_AUC_IMPROVEMENT,iteration_dir,"PHASE 5: Class-specific AUC improvement (targets: Pneumonia, Fibrosis, Edema)",84,FocalLoss,3.00,0.7500,Yes,ModifiedDenseNetWithDropOut,densenet121,0.3000,-,-,-,64,0.0005,50,-,0.00e+00,ReduceLROnPlateau,5,0.5000,min,Yes,5,-,0.0100,Yes,per_class_f1_score,Yes,hard_negative_emphasis,-,-,config.yaml,"PHASE 5: Class-specific AUC improvement (targets: Pneumonia, Fibrosis, Edema)"
135,PHASE_5_AUC_IMPROVEMENT,iteration_dir,"PHASE 5: Class-specific AUC improvement (targets: Pneumonia, Fibrosis, Edema)",84,FocalLoss,3.00,0.7500,Yes,ModifiedDenseNetWithDropOut,densenet121,0.3000,-,-,-,64,0.0005,50,-,0.00e+00,ReduceLROnPlateau,5,0.5000,min,Yes,5,-,0.0100,Yes,per_class_f1_score,Yes,hard_negative_emphasis,-,-,config.yaml,"PHASE 5: Class-specific AUC improvement (targets: Pneumonia, Fibrosis, Edema)"
136,PHASE_5_AUC_IMPROVEMENT,iteration_dir,"PHASE 5: Class-specific AUC improvement (targets: Pneumonia, Fibrosis, Edema)",84,FocalLoss,3.00,0.7500,Yes,ModifiedDenseNetWithDropOut,densenet121,0.3000,-,-,-,64,0.0005,50,-,0.00e+00,ReduceLROnPlateau,5,0.5000,min,Yes,5,-,0.0100,Yes,per_class_f1_score,Yes,hard_negative_emphasis,-,-,config.yaml,"PHASE 5: Class-specific AUC improvement (targets: Pneumonia, Fibrosis, Edema)"
137,PHASE_5_AUC_IMPROVEMENT,iteration_dir,"PHASE 5: Class-specific AUC improvement (targets: Pneumonia, Fibrosis, Edema)",84,FocalLoss,3.00,0.7500,Yes,ModifiedDenseNetWithDropOut,densenet121,0.3000,-,-,-,64,0.0005,50,-,0.00e+00,ReduceLROnPlateau,5,0.5000,min,Yes,5,-,0.0100,Yes,per_class_f1_score,Yes,hard_negative_emphasis,-,-,config.yaml,"PHASE 5: Class-specific AUC improvement (targets: Pneumonia, Fibrosis, Edema)"
138,PHASE_5_AUC_IMPROVEMENT,iteration_dir,"PHASE 5: Class-specific AUC improvement (targets: Pneumonia, Fibrosis, Edema)",84,FocalLoss,3.00,0.7500,Yes,ModifiedDenseNetWithDropOut,densenet121,0.3000,-,-,-,64,0.0005,50,-,0.00e+00,ReduceLROnPlateau,5,0.5000,min,Yes,5,-,0.0100,Yes,per_class_f1_score,Yes,hard_negative_emphasis,-,-,config.yaml,"PHASE 5: Class-specific AUC improvement (targets: Pneumonia, Fibrosis, Edema)"
139,PHASE_5_AUC_IMPROVEMENT,iteration_dir,"PHASE 5: Class-specific AUC improvement (targets: Pneumonia, Fibrosis, Edema)",84,FocalLoss,3.00,0.7500,Yes,ModifiedDenseNetWithDropOut,densenet121,0.3000,-,-,-,64,0.0005,50,-,0.00e+00,ReduceLROnPlateau,5,0.5000,min,Yes,5,-,0.0100,Yes,per_class_f1_score,Yes,hard_negative_emphasis,-,-,config.yaml,"PHASE 5: Class-specific AUC improvement (targets: Pneumonia, Fibrosis, Edema)"
140,PHASE_5_AUC_IMPROVEMENT,standalone,"PHASE 5: Class-specific AUC improvement (targets: Pneumonia, Fibrosis, Edema)",84,FocalLoss,3.00,0.7500,Yes,ModifiedDenseNetWithDropOut,densenet121,0.3000,-,-,-,64,0.0005,50,-,0.00e+00,ReduceLROnPlateau,5,0.5000,min,Yes,5,-,0.0100,Yes,per_class_f1_score,Yes,hard_negative_emphasis,-,-,config_iteration_140.yaml,"PHASE 5: Class-specific AUC improvement (targets: Pneumonia, Fibrosis, Edema)"
